l_english:
 southern_isles_area:0 "Southern Isles"
 southern_isles_area_name:0 "Southern Isles"
 southern_isles_area_adj:0 "Hebridian"
 carniola_area:0 "Carniola"
 carniola_area_name:0 "Carniola"
 carniola_area_adj:0 "Carniolan"
 cyprus_area:0 "Cyprus"
 cyprus_area_name:0 "Cyprus"
 cyprus_area_adj:0 "Cyprusian"
 balearic_islands_area:0 "Balearic Islands"
 balearic_islands_area_name:0 "Balearic Islands"
 balearic_islands_area_adj:0 "Balearic"
 new_castile_area:0 "New Castile"
 new_castile_area_name:0 "Castile"
 new_castile_area_adj:0 "Castillian"
 spanish_galicia_area:0 "Galicia"
 spanish_galicia_area_name:0 "Galicia"
 spanish_galicia_area_adj:0 "Galician"
 poitou_area:0 "Poitou"
 poitou_area_name:0 "Poitou"
 poitou_area_adj:0 "Poitevin"
 schleswig_area:0 "Schleswig"
 schleswig_area_name:0 "Schleswig"
 schleswig_area_adj:0 "Schleswig"
 muenster_area:0 "Ems"
 muenster_area_name:0 "Ems"
 muenster_area_adj:0 "Münsterian"
 western_lowlands_area:0 "West Lowlands"
 western_lowlands_area_name:0 "West Lowlands"
 western_lowlands_area_adj:0 "West Lowlander"
 volhynia_area:0 "Volhynia"
 volhynia_area_name:0 "Volhynia"
 volhynia_area_adj:0 "Volhynian"
 carpathian_ruthenia_area:0 "Carpathian Ruthenia"
 carpathian_ruthenia_area_name:0 "Carpathian Ruthenia"
 carpathian_ruthenia_area_adj:0 "Carpathian Ruthenian"
 cornwall_area:0 "Cornwall"
 cornwall_area_name:0 "Cornwall"
 cornwall_area_adj:0 "Cornish"
 yorkshire_area:0 "Yorkshire"
 yorkshire_area_name:0 "Yorkshire"
 yorkshire_area_adj:0 "Yorkish"
 lancashire_area:0 "Lancashire"
 lancashire_area_name:0 "Lancashire"
 lancashire_area_adj:0 "Lancastrian"
 legnica_area:0 "Legnica"
 legnica_area_name:0 "Silesia"
 legnica_area_adj:0 "Silesian"
 kalisz_area:0 "Kalisz"
 kalisz_area_name:0 "Kalisz"
 kalisz_area_adj:0 "Kalisz"
 nenets_area:0 "Nenets"
 nenets_area_name:0 "Nenets"
 nenets_area_adj:0 "Nenets"
 guelders_area:0 "Guelders"
 guelders_area_name:0 "Guelders"
 guelders_area_adj:0 "Guelders"
 emilia_area:0 "Emilia"
 emilia_area_name:0 "Emilia"
 emilia_area_adj:0 "Emilian"
 upper_thrace_area:0 "Upper Thrace"
 upper_thrace_area_name:0 "Upper Thrace"
 upper_thrace_area_adj:0 "Upper Thracian"
 toropets_area:0 "Toropets"
 toropets_area_name:0 "Toropets"
 toropets_area_adj:0 "Toropets"
 rzhev_area:0 "Rzhev"
 rzhev_area_name:0 "Rzhev"
 rzhev_area_adj:0 "Rzhev"
 valdai_area:0 "Valdai"
 valdai_area_name:0 "Valdai"
 valdai_area_adj:0 "Valdai"
 vyatka_area:0 "Vyatka"
 vyatka_area_name:0 "Vyatka"
 vyatka_area_adj:0 "Vyatka"
 mezen_area:0 "Mezen"
 mezen_area_name:0 "Mezen"
 mezen_area_adj:0 "Mezen"
 bryansk_area:0 "Bryansk"
 bryansk_area_name:0 "Bryansk"
 bryansk_area_adj:0 "Bryansk"
 west_oka_area:0 "West Upper Oka"
 west_oka_area_name:0 "West Upper Oka"
 west_oka_area_adj:0 "West Upper Okan"
 middle_don_area:0 "Middle Don"
 middle_don_area_name:0 "Middle Don"
 middle_don_area_adj:0 "Middle Don"
 nizhny_novgorod_area:0 "Nizhny Novgorod"
 nizhny_novgorod_area_name:0 "Nizhny Novgorod"
 nizhny_novgorod_area_adj:0 "Nizhny Novgorodian"
 west_karelia_area:0 "West Karelia"
 west_karelia_area_name:0 "West Karelia"
 west_karelia_area_adj:0 "West Karelian"
 lydia_area:0 "Lydia"
 lydia_area_name:0 "Lydia"
 lydia_area_adj:0 "Lydian"

 piedmont_area:0 "East Piedmont"
 piedmont_area_name:0 "East Piedmont"
 piedmont_area_adj:0 "Piedmontese"
 abruzzo_area:0 "Abruzzo"
 abruzzo_area_name:0 "Abruzzo"
 abruzzo_area_adj:0 "Abruzzan"
 apulia_area:0 "Apulia"
 apulia_area_name:0 "Apulia"
 apulia_area_adj:0 "Apulian"
 aetolia_area:0 "Aetolia"
 aetolia_area_name:0 "Aetolia"
 aetolia_area_adj:0 "Aetolian"
 euboea_area:0 "Euboea"
 euboea_area_name:0 "Euboea"
 euboea_area_adj:0 "Euboean"
 thessaly_area:0 "Thessaly"
 thessaly_area_name:0 "Thessaly"
 thessaly_area_adj:0 "Thessalian"
 danubian_plain_area:0 "Lower Moesia"
 danubian_plain_area_name:0 "Lower Moesia"
 danubian_plain_area_adj:0 "Lower Moesian"
 western_zaporizhia_area:0 "West Zaporizhia"
 western_zaporizhia_name:0 "West Zaporizhia"
 western_zaporizhia_adj:0 "West Zaporizhian"
 crimea_area:0 "Crimea"
 crimea_name:0 "Crimea"
 crimea_area_adj:0 "Crimean"
 lower_dnieper_area:0 "Lower Dnieper"
 lower_dnieper_name:0 "Lower Dnieper"
 lower_dnieper_adj:0 "Lower Dnieper"
 pryazovia_area:0 "Pryazovia"
 pryazovia_area_name:0 "Pryazovia"
 pryazovia_area_adj:0 "Pryazovian"
 central_galicia_area:0 "Central Galicia"
 central_galicia_name:0 "Central Galicia"
 central_galicia_adj:0 "Central Galician"
 eastern_volhynia_area:0 "East Volhynia"
 eastern_volhynia_area_name:0 "East Volhynia"
 eastern_volhynia_area_adj:0 "East Volhynian"
 western_podolia_area:0 "West Podolia"
 western_podolia_area_name:0 "West Podolia"
 western_podolia_area_adj:0 "West Podolian"
 eastern_severia:0 "Severia"
 eastern_severia_name:0 "Severia"
 eastern_severia_adj:0 "Severian"
 vitebsk_area:0 "Vitebsk"
 vitebsk_area_name:0 "Vitebsk"
 vitebsk_area_adj:0 "Vitebsk"
 polotsk_area:0 "Polotsk"
 polotsk_area_name:0 "Polotsk"
 polotsk_area_adj:0 "Polotsk"
 novogrudok_area:0 "Novgrudok"
 novogrudok_area_name:0 "Novgrudok"
 novogrudok_area_adj:0 "Novgrudok"
 yotvingia_area:0 "Yotvingia"
 yotvingia_area_name:0 "Yotvingia"
 yotvingia_area_adj:0 "Yotvingian"
 trakai_area:0 "Trakai"
 trakai_area_name:0 "Trakai"
 trakai_area_adj:0 "Trakai"
 lublin_area:0 "Lublin"
 lublin_area_name:0 "Lublin"
 lublin_area_adj:0 "Lublin"
 western_moldovia:0 "Moldovia"
 western_moldovia_name:0 "Moldovia"
 western_moldovia_adj:0 "Moldovian"
 
 #Caucasus (from Crossroads originally)
 circassia_area:0 "Circassia"
 circassia_area_name:0 "Circassia"
 circassia_area_adj:0 "Circassian"
 kabardia_area:0 "Kabardia"
 kabardia_area_name:0 "Kabardia"
 kabardia_area_adj:0 "Kabardian"
 alania_area:0 "Terek"
 alania_area_name:0 "Terek"
 alania_area_adj:0 "Terek"
 avaria_area:0 "Avaria"
 avaria_area_name:0 "Avaria"
 avaria_area_adj:0 "Avar"
 dagestan_area:0 "Dagestan"
 dagestan_area_name:0 "Dagestan"
 dagestan_area_adj:0 "Dagestani"
 westgeorgia_area:0 "Western Georgia"
 westgeorgia_area_name:0 "Western Georgia"
 westgeorgia_area_adj:0 "Georgian"
 southgeorgia_area:0 "Southern Georgia"
 southgeorgia_area_name:0 "Southern Georgia"
 southgeorgia_area_adj:0 "Georgian"
 eastgeorgia_area:0 "Eastern Georgia"
 eastgeorgia_area_name:0 "Eastern Georgia"
 eastgeorgia_area_adj:0 "Georgian"
 armenia_area:0 "Armenia"
 armenia_area_name:0 "Armenia"
 armenia_area_adj:0 "Armenian"
 shirvan:0 "Shirvan"
 shirvan_name:0 "Shirvan"
 shirvan_adj:0 "Shirvani"
 sheki_area:0 "Kakheti"
 sheki_area_name:0 "Kakheti"
 sheki_area_adj:0 "Kakheti"
 
 #BTPLegacy New Areas
 high_atlas_area:0 "High Atlas"
 high_atlas_area_name:0 "High Atlas"
 high_atlas_area_adj:0 "High Atlasian"
 tagmudant_area:0 "Tagmudant"
 tagmudant_area_name:0 "Tagmudant"
 tagmudant_area_adj:0 "Tagmudantan"
 mesopotamia_region:0 "Mesopotamia"
 mesopotamia_region_name:0 "Mesopotamia"
 mesopotamia_region_adj:0 "Mesopotamian"
 java_region:0 "Java"
 java_region_name:0 "Java"
 java_region_adj:0 "Javanese"
 sumatra_region:0 "Sumatra"
 sumatra_region_name:0 "Sumatra"
 sumatra_region_adj:0 "Sumatran"
 papua_region:0 "Papua"
 papua_region_name:0 "Papua"
 papua_region_adj:0 "Papuan"
 tripoli_area:0 "Tripoli"
 tripoli_area_name:0 "Tripoli"
 tripoli_area_adj:0 "Tripolian"
 white_nile_area:0 "White Nile"
 white_nile_area_name:0 "White Nile"
 white_nile_area_adj:0 "White Niler"
 butana_area:0 "Btuana"
 butana_area_name:0 "Btuana"
 butana_area_adj:0 "Btuani"
 southeast_sahara_area:0 "Southeast Sahara"
 southeast_sahara_area_name:0 "Southeast Sahara"
 southeast_sahara_area_adj:0 "Southeast Saharan"
 medri_bahri_area:0 "Eritrea"
 medri_bahri_area_name:0 "Eritrea"
 medri_bahri_area_adj:0 "Eritrean"
 bale_area:0 "Bale"
 bale_area_name:0 "Bale"
 bale_area_adj:0 "Balean"
 mardin_area:0 "Mardin"
 mardin_area_name:0 "Mardin"
 mardin_area_adj:0 "Mardin"
 east_aures_area:0 "Aures"
 east_aures_area_name:0 "Aures"
 east_aures_area_adj:0 "Aures"
 oran_area:0 "Oran"
 oran_area_name:0 "Oran"
 oran_area_adj:0 "Orani"
 nafusa_mountains_area:0 "Nafusa Mountains"
 nafusa_mountains_area_name:0 "Nafusa Mountains"
 nafusa_mountains_area_adj:0 "Nafusi"
 libya_region:0 "Libya"
 libya_region_name:0 "Libya"
 libya_region_adj:0 "Libya"
 new_zealand_region:0 "New Zealand"         #or Aotearoa and Te Waipounamu
 new_zealand_region_name:0 "New Zealand"
 new_zealand_region_adj:0 "New Zealander"
 murihiku_area:0 "Southland"
 murihiku_area_name:0 "Southland"
 murihiku_area_adj:0 "Southlander"
 waitaha_area:0 "Canterbury"
 waitaha_area_name:0 "Canterbury"
 waitaha_area_adj:0 "Canterburian"
 tokerau_area:0 "Northland"
 tokerau_area_name:0 "Northland"
 tokerau_area_adj:0 "Northlander"
 heretaunga_area:0 "Eastland"
 heretaunga_area_name:0 "Eastland"
 heretaunga_area_adj:0 "Eastlander"
 tainui_area:0 "Waikato"
 tainui_area_name:0 "Waikato"
 tainui_area_adj:0 "Waikatoan"
 chatham_and_auckland_islands_area:0 "Chatham & Auckland Islands"            #Or Rekohu and Motu Maha
 chatham_and_auckland_islands_area_name:0 "Chatham & Auckland Islands"
 chatham_and_auckland_islands_area_adj:0 "Chatham & Auckland Islander"
 bt_natal_area:0 "Natal"
 bt_natal_area_name:0 "Natal"
 bt_natal_area_adj:0 "Natal"
 eastern_cape_area:0 "East Cape"
 eastern_cape_area_name:0 "East Cape"
 eastern_cape_area_adj:0 "East Cape"
 northern_cape_area:0 "North Cape"
 northern_cape_area_name:0 "North Cape"
 northern_cape_area_adj:0 "North Cape"
 lower_karoo_area:0 "Lower Karoo"
 lower_karoo_area_name:0 "Lower Karoo"
 lower_karoo_area_adj:0 "Lower Karoo"
 xhosa_area:0 "Xhosa"
 xhosa_area_name:0 "Xhosa"
 xhosa_area_adj:0 "Xhosa"
 orange_river_area:0 "Orange River"
 orange_river_area_name:0 "Orange River"
 orange_river_area_adj:0 "Orange River"
 highveld_area:0 "Highveld"
 highveld_area_name:0 "Highveld"
 highveld_area_adj:0 "Highveld"
 transvaal_area:0 "Transvaal"
 transvaal_area_name:0 "Transvaal"
 transvaal_area_adj:0 "Transvaal"
 lowveld_area:0 "Lowveld"
 lowveld_area_name:0 "Lowveld"
 lowveld_area_adj:0 "Lowveld"
 upper_limpopo_area:0 "Upper Limpopo"
 upper_limpopo_area_name:0 "Upper Limpopo"
 upper_limpopo_area_adj:0 "Upper Limpopo"
 bechuanaland_area:0 "Bechuanaland"
 bechuanaland_area_name:0 "Bechuanaland"
 bechuanaland_area_adj:0 "Bechuanaland"
 makgadikgadi_area:0 "Makgadikgadi"
 makgadikgadi_area_name:0 "Makgadikgadi"
 makgadikgadi_area_adj:0 "Makgadikgadi"
 kalahari_area:0 "Kalahari"
 kalahari_area_name:0 "Kalahari"
 kalahari_area_adj:0 "Kalahari"
 zambezi_area:0 "Lyiyeyi"
 zambezi_area_name:0 "Lyiyeyi"
 zambezi_area_adj:0 "Lyiyeyi"
 cameia_area:0 "Cameia"
 cameia_area_name:0 "Cameia"
 cameia_area_adj:0 "Cameia"
 okavango_area:0 "Okavango"
 okavango_area_name:0 "Okavango"
 okavango_area_adj:0 "Okavango"
 namaqualand_area:0 "Namaqualand"
 namaqualand_area_name:0 "Namaqualand"
 namaqualand_area_adj:0 "Namaqualand"
 damaraland_area:0 "Damaraland"
 damaraland_area_name:0 "Damaraland"
 damaraland_area_adj:0 "Damaraland"
 ovambo_area:0 "Ovambo"
 ovambo_area_name:0 "Ovambo"
 ovambo_area_adj:0 "Ovambo"
 skeleton_coast_land_area:0 "Skeleton Coast"
 skeleton_coast_land_area_name:0 "Skeleton Coast"
 skeleton_coast_land_area_adj:0 "Skeleton Coast"
 northwest_sahara_area:0 "Northwest Sahara"
 northwest_sahara_area_name:0 "Northwest Sahara"
 northwest_sahara_area_adj:0 "Northwest Sahara"
 barotseland_area:0 "Barotseland"
 barotseland_area_name:0 "Barotseland"
 barotseland_area_adj:0 "Barotseland"
 kazungula_area:0 "Kazungula"
 kazungula_area_name:0 "Kazungula"
 kazungula_area_adj:0 "Kazungula"
 sanjak_al_dulaim_area:0 "Sanjak Al-Dulaim"
 sanjak_al_dulaim_area_name:0 "Sanjak Al-Dulaim"
 sanjak_al_dulaim_area_adj:0 "Sanjak Al-Dulaim"
 dhi_qar_area:0 "Dhi Qar"
 dhi_qar_area_name:0 "Dhi Qar"
 dhi_qar_area_adj:0 "Dhi Qar"
 #kazungula_area_area:0 "Kazungula"
 #kazungula_area_area_name:0 "Kazungula"
 #kazungula_area_area_adj:0 "Kazungula"
 
 
 #BeyondTypus New Areas
 tuamotus_area:0 "Tuamotus"
 tuamotus_area_name:0 "Tuamotus"
 tuamotus_area_adj:0 "Tuamotus"
 sierra_nevada_area:0 "Sierra Nevadas"
 sierra_nevada_area_name:0 "Sierra Nevadas"
 sierra_nevada_area_adj:0 "Sierra Nevadian"
 northern_rockies_area:0 "North Rockies"
 northern_rockies_area_name:0 "North Rockies"
 northern_rockies_area_adj:0 "North Rockies"
 northern_cascades_area:0 "North Cascades"
 northern_cascades_area_name:0 "North Cascades"
 northern_cascades_area_adj:0 "North Cascadian"
 southern_cascades_area:0 "South Cascades"
 southern_cascades_area_name:0 "South Cascades"
 southern_cascades_area_adj:0 "South Cascadian"
 northern_rocky_mountains_area:0 "Rocky Mountain Trench"
 northern_rocky_mountains_area_name:0 "Rocky Mountain Trench"
 northern_rocky_mountains_area_adj:0 "Rocky Mountain Trench"
 utah_area:0 "Utah"
 utah_area_name:0 "Utah"
 utah_area_adj:0 "Utah"
 mojave_area:0 "Mojave"
 mojave_area_name:0 "Mojave"
 mojave_area_adj:0 "Mojave"
 lower_yukon_area:0 "Lower Yukon"
 lower_yukon_area_name:0 "Lower Yukon"
 lower_yukon_area_adj:0 "Lower Yukon"
 upper_yukon_area:0 "Upper Yukon"
 upper_yukon_area_name:0 "Upper Yukon"
 upper_yukon_area_adj:0 "Upper Yukon"
 northern_alaska_area:0 "Northern Alaska"
 northern_alaska_area_name:0 "Northern Alaska"
 northern_alaska_area_adj:0 "Northern Alaska"
 alaskan_coast_area:0 "Alaskan Coast"
 alaskan_coast_area_name:0 "Alaskan Coast"
 alaskan_coast_area_adj:0 "Alaskan Coast"
 sahtu_area:0 "Sahtu"
 sahtu_area_name:0 "Sahtu"
 sahtu_area_adj:0 "Sahtu"
 #tlicho_area:0 "Tlicho"
 #tlicho_area_name:0 "Tlicho"
 #tlicho_area_adj:0 "Tlicho"
 deh_cho_area:0 "Deh Cho"
 deh_cho_area_name:0 "Deh Cho"
 deh_cho_area_adj:0 "Deh Cho"
 denesoline_area:0 "Denésoliné"
 denesoline_area_name:0 "Denésoliné"
 denesoline_area_adj:0 "Denésoliné"
 klondike_area:0 "Klondike"
 klondike_area_name:0 "Klondike"
 klondike_area_adj:0 "Klondike"
 kivalliq_area:0 "Kivalliq"
 kivalliq_area_name:0 "Kivalliq"
 kivalliq_area_adj:0 "Kivalliq"
 qikiqtaaluk_area:0 "Qikiqtaaluk"
 qikiqtaaluk_area_name:0 "Qikiqtaaluk"
 qikiqtaaluk_area_adj:0 "Qikiqtaaluk"
 kativik_area:0 "Kativik"
 kativik_area_name:0 "Kativik"
 kativik_area_adj:0 "Kativik"
 peace_river_area:0 "Peace River"
 peace_river_area_name:0 "Peace River"
 peace_river_area_adj:0 "Peace River"
 manitoba_area:0 "Manitoba"
 manitoba_area_name:0 "Manitoba"
 manitoba_area_adj:0 "Manitoba"
 churchill_area:0 "Churchill"
 churchill_area_name:0 "Churchill"
 churchill_area_adj:0 "Churchill"
 northwest_territories_region:0 "Northwest Territories"
 northwest_territories_region_name:0 "Northwest Territories"
 northwest_territories_region_adj:0 "Northwest Territories"
 alaska_region:0 "Alaska"
 alaska_region_name:0 "Alaska"
 alaska_region_adj:0 "Alaska"
 grand_river_area:0 "Grand River"
 grand_river_area_name:0 "Grand River"
 grand_river_area_adj:0 "Grand River"
 penobscot_area:0 "Penobscot Bay"
 penobscot_area_name:0 "Penobscot Bay"
 penobscot_area_adj:0 "Penobscot Bay"
 sinaloa_area:0 "Sinaloa"
 sinaloa_area_name:0 "Sinaloa"
 sinaloa_area_adj:0 "Sinaloa"
 southern_rockies:0 "South Rockies"
 southern_rockies_name:0 "South Rockies"
 southern_rockies_adj:0 "South Rockies"
 lakota_area:0 "Lakota"
 lakota_area_name:0 "Lakota"
 lakota_area_adj:0 "Lakota"
 west_dakota_area:0 "James River"           #Don't really like this... note to self - think of better later
 west_dakota_area_name:0 "James River"
 west_dakota_area_adj:0 "James River"
 upper_james_bay_area:0 "Upper James Bay"
 upper_james_bay_area_name:0 "Upper James Bay"
 upper_james_bay_area_adj:0 "Upper James Bay"
 southern_colorado_plateau_area:0 "San Juan"
 southern_colorado_plateau_area_name:0 "San Juan"
 southern_colorado_plateau_area_adj:0 "San Juanoan"
 west_cuba_area:0 "West Cuba"
 west_cuba_area_name:0 "Cuba"
 west_cuba_area_adj:0 "Cuban"
 central_cuba_area:0 "Central Cuba"
 central_cuba_area_name:0 "Cuba"
 central_cuba_area_adj:0 "Cuban"
 west_hispaniola_area:0 "West Hispaniola"
 west_hispaniola_area_name:0 "West Hispaniola"
 west_hispaniola_area_adj:0 "West Hispaniola"
 leeward_antilles_area:0 "Southern Antilles"
 leeward_antilles_area_name:0 "Southern Antilles"
 leeward_antilles_area_adj:0 "Southern Antilles"
 stikine_area:0 "Stikine"
 stikine_area_name:0 "Stikine"
 stikine_area_adj:0 "Stikine"
 nunavut_area:0 "Keewatin"
 nunavut_area_name:0 "Keewatin"
 nunavut_area_adj:0 "Keewatin"
 southern_alaska_area:0 "Southern Alaska"
 southern_alaska_area_name:0 "Southern Alaska"
 southern_alaska_area_adj:0 "Southern Alaskan"
 vancouver_island_area:0 "Quadra and Vancouver Island"
 vancouver_island_area_name:0 "Quadra and Vancouver Island"
 vancouver_island_area_adj:0 "Quadra and Vancouver Islander"
 olympic_peninsula_area:0 "Olympic Peninsula"
 olympic_peninsula_area_name:0 "Olympic Peninsula"
 olympic_peninsula_area_adj:0 "Olympic Peninsulan"
 columbia_plateau_area:0 "Columbia Plateau"
 columbia_plateau_area_name:0 "Columbia Plateau"
 columbia_plateau_area_adj:0 "Columbia Plateau"
 palouse_area:0 "Palouse"
 palouse_area_name:0 "Palouse"
 palouse_area_adj:0 "Palouse"
 cariboo_area:0 "Cariboo"
 cariboo_area_name:0 "Cariboo"
 cariboo_area_adj:0 "Cariboo"
 central_rockies_area:0 "Central Rockies"
 central_rockies_area_name:0 "Central Rockies"
 central_rockies_area_adj:0 "Central Rockies"
 klamath_area:0 "Klamath"           #Mountains
 klamath_area_name:0 "Klamath"
 klamath_area_adj:0 "Klamath"
 great_basin_area:0 "Great Basin"
 great_basin_area_name:0 "Great Basin"
 great_basin_area_adj:0 "Great Basin"
 sacramento_valley_area:0 "Sacramento Valley"
 sacramento_valley_area_name:0 "Sacramento Valley"
 sacramento_valley_area_adj:0 "Sacramento Valley"
 yellowstone_area:0 "Yellowstone"
 yellowstone_area_name:0 "Yellowstone"
 yellowstone_area_adj:0 "Yellowstone"
 san_francisco_area:0 "San Francisco Bay"
 san_francisco_area_name:0 "San Francisco Bay"
 san_francisco_area_adj:0 "San Francisco Bay"
 east_prairies_area:0 "East Prairies"
 east_prairies_area_name:0 "East Prairies"
 east_prairies_area_adj:0 "East Prairies"
 san_francisco_bay_area:0 "San Francisco Bay"
 san_francisco_bay_area_name:0 "San Francisco Bay"
 san_francisco_bay_area_adj:0 "San Francisco Bay"
 blue_mountains_area:0 "Blue Mountains"
 blue_mountains_area_name:0 "Blue Mountains"
 blue_mountains_area_adj:0 "Blue Mountainer"
 lower_colorado_river_area:0 "Grand Canyon"
 lower_colorado_river_area_name:0 "Grand Canyon"
 lower_colorado_river_area_adj:0 "Grand Canyon"
 mogollon_rim_area:0 "Mogollon Plateau"
 mogollon_rim_area_name:0 "Mogollon Plateau"
 mogollon_rim_area_adj:0 "Mogollon Plateau"
 upper_colorado_area:0 "Upper Colorado"
 upper_colorado_area_name:0 "Upper Colorado"
 upper_colorado_area_adj:0 "Upper Colorado"
 painted_desert_area:0 "Painted Desert"
 painted_desert_area_name:0 "Painted Desert"
 painted_desert_area_adj:0 "Painted Desert"
 upper_gila_area:0 "Upper Gila"
 upper_gila_area_name:0 "Upper Gila"
 upper_gila_area_adj:0 "Upper Gila"
 upper_rio_grande_area:0 "Upper Rio Grande"
 upper_rio_grande_area_name:0 "Upper Rio Grande"
 upper_rio_grande_area_adj:0 "Upper Rio Grande"
 bighorn_area:0 "Bighorn"
 bighorn_area_name:0 "Bighorn"
 bighorn_area_adj:0 "Bighorn"
 upper_platte_area:0 "Upper Platte"
 upper_platte_area_name:0 "Upper Platte"
 upper_platte_area_adj:0 "Upper Platte"
 subantarctic_islands_area:0 "Subantarctic Islands"
 subantarctic_islands_area_name:0 "Subantarctic Islands"
 subantarctic_islands_area_adj:0 "Subantarctic Islands"
 toliara_area:0 "Toliara"
 toliara_area_name:0 "Toliara"
 toliara_area_adj:0 "Toliara"
 fianarantsoa_area:0 "Fianarantsoa"
 fianarantsoa_area_name:0 "Fianarantsoa"
 fianarantsoa_area_adj:0 "Fianarantsoa"
 vakinankaratra_area:0 "Vakinankaratra"
 vakinankaratra_area_name:0 "Vakinankaratra"
 vakinankaratra_area_adj:0 "Vakinankaratra"
 boeny_area:0 "Boeny"
 boeny_area_name:0 "Boeny"
 boeny_area_adj:0 "Boeny"
 toamasina_area:0 "Toamasina"
 toamasina_area_name:0 "Toamasina"
 toamasina_area_adj:0 "Toamasina"
 antsiranana_area:0 "Antsiranana"
 antsiranana_area_name:0 "Antsiranana"
 antsiranana_area_adj:0 "Antsiranana"
 helodrano_antogila_area:0 "Helodrano Antogila"
 helodrano_antogila_area_name:0 "Helodrano Antogila"
 helodrano_antogila_area_adj:0 "Helodrano Antogila"
 
 ######################################
 #####Draiocht's Beyond Typus Version.#####
 ######################################

 pontus_area:0 "East Pontus"
 pontus_area_name:0 "East Pontus"
 pontus_area_adj:0 "East Pontic"
 ladoga_area:0 "Ladoga Karelia"
 ladoga_area_name:0 "Ladoga Karelia"
 ladoga_area_adj:0 "Ladoga Karelian"
 karasi_area:0 "Mysia"
 karasi_area_name:0 "Mysia"
 karasi_area_adj:0 "Mysian"
 pamphylia_area:0 "Pamphylia"
 pamphylia_area_name:0 "Pamphylia"
 pamphylia_area_adj:0 "Pamphylian"
 ireland_region: "Ireland"
 suomi_region:0 "Suomi"
 suomi_region_name:0 "Suomi"
 suomi_region_adj:0 "Suomen"
 angola_region:0 "Angola"
 angola_region_name:0 "Angola"
 angola_region_adj:0 "Angolan"
 midafrica_region:0 "Central Africa"
 midafrica_region_name:0 "Central Africa"
 midafrica_region_adj:0 "Central African"
 jubek_area:0 "Jubek"
 jubek_area_name:0 "Jubek"
 jubek_area_adj:0 "Jubekian"
 jonglei_area:0 "Jonglei"
 jonglei_area_name:0 "Jonglei"
 jonglei_area_adj:0 "Jongliean"
 bahr_el_ghazal_area:0 "Bahr el Ghazal"
 bahr_el_ghazal_area_name:0 "Bahr el Ghazal"
 bahr_el_ghazal_area_adj:0 "Bahr el Ghazal"
 kotto_area:0 "Kotto"
 kotto_area_name:0 "Kotto"
 kotto_area_adj:0 "Kottan"
 aouk_area:0 "Aouk"
 aouk_area_name:0 "Aouk"
 aouk_area_adj:0 "Aoukian"
 ubangi_shari_area:0 "Ubangi-Shari"
 ubangi_shari_area_name:0 "Ubangi-Shari"
 ubangi_shari_area_adj:0 "Ubangi-Sharian"
 cameroon_area:0 "Cameroon"
 cameroon_area_name:0 "Cameroon"
 cameroon_area_adj:0 "Cameroonian"
 gabon_area:0 "Gabon"
 gabon_area_name:0 "Gabon"
 gabon_area_adj:0 "Gabonese"
 ncuna_area:0 "Ncuna"
 ncuna_area_name:0 "Ncuna"
 ncuna_area_adj:0 "Ncunan"
 uele_area:0 "Uele"
 uele_area_name:0 "Uele"
 uele_area_adj:0 "Uelese"
 lomami_area:0 "Lomami"
 lomami_area_name:0 "Lomami"
 lomami_area_adj:0 "Lomamian"
 cuanza_area:0 "Cuanza"
 cuanza_area_name:0 "Cuanza"
 cuanza_area_adj:0 "Cuanzan"
 cunene_area:0 "Cunene"
 cunene_area_name:0 "Cunene"
 cunene_area_adj:0 "Cunenese"
 lunda_area:0 "Lunda"
 lunda_area_name:0 "Lunda"
 lunda_area_adj:0 "Lundan"
 
 ######################################
 ####Beyond Typus Sea Overhaul Naming.####
 ######################################
 western_arctic_sea_region:0 "Western Arctic Sea"
 western_arctic_sea_region_name:0 "Western Arctic Sea"
 eastern_arctic_sea_region:0 "Eastern Arctic Sea"
 eastern_arctic_sea_region_name:0 "Eastern Arctic Sea"
 madagascar_region:0 "Madagascar"
 madagascar_region_name:0 "Madagascar"
 hudson_bay_sea_region:0 "Hudson Bay"
 hudson_bay_sea_region_name:0 "Hudson Bay"
 labrador_sea_region:0 "Labrador Sea"
 labrador_sea_region_name:0 "Labrador Sea"
 east_siberian_sea_area:0 "East Siberian Sea"
 east_siberian_sea_area_name:0 "East Siberian Sea"
 beaufort_sea_area:0 "Beaufort Sea"
 beaufort_sea_area_name:0 "Beaufort Sea"
 arctic_ocean_area:0 "Arctic Archipelago"
 arctic_ocean_area_name:0 "Arctic Archipelago"
 gulf_of_boothia_area:0 "Gulf of Boothia"
 gulf_of_boothia_area_name:0 "Gulf of Boothia"
 foxe_basin_area:0 "Foxe Basin"
 foxe_basin_area_name:0 "Foxe Basin"
 hudson_strait_area:0 "Hudson Strait"
 hudson_strait_area_name:0 "Hudson Strait"
 baffin_bay_area:0 "Baffin Bay"
 baffin_bay_area_name:0 "Baffin Bay"
 grand_banks_sea_area:0 "Grand Banks"
 grand_banks_sea_area_name:0 "Grand Banks"
 true_north_atlantic_sea_area:0 "North Atlantic"
 true_north_atlantic_sea_area_name:0 "North Atlantic"
 
 ######################################
 ####Beyond Typus Sea Overhaul Naming.####
 ######################################
 unused_area:0 "Unknown Lands"
 unused_region:0 "Unknown Lands"
 
 #Colonial country names
 #Vanilla Regions
 #Alaska
 COLONIAL_ALASKA_BTP_Alasca:0 "Alasca"
 COLONIAL_ALASKA_BTP_Alasca_ADJ:0 "Alascach"
 #Canada
 COLONIAL_CANADA_BTP_CANADA_NAME:0 "Canada"
 COLONIAL_CANADA_BTP_CANADA_NAME_ADJ:0 "Canadian"
 COLONIAL_CANADA_BTP_QUEBEC_NAME:0 "Quebec"
 COLONIAL_CANADA_BTP_QUEBEC_NAME_ADJ:0 "Quebec"
 COLONIAL_CANADA_BTP_QUEBEC_FR_NAME:0 "Québec"
 COLONIAL_CANADA_BTP_QUEBEC_FR_NAME_ADJ:0 "Québec"
 COLONIAL_CANADA_BTP_Ceanada:0 "Ceanada"
 COLONIAL_CANADA_BTP_Ceanada_ADJ:0 "Ceanadach"
 #America
 COLONIAL_EASTERN_AMERICA_BTP_Eire_Nua:0 "Eire Nua"
 COLONIAL_EASTERN_AMERICA_BTP_Eire_Nua_ADJ:0 "Eire Nuach"
 #Mexico
 COLONIAL_MEXICO_BTP_Meicsiceo:0 "Meicsiceo"
 COLONIAL_MEXICO_BTP_Meicsiceo_ADJ:0 "Meicsiceach"
 #Lesser Antilles
 COLONIAL_THE_CARRIBEAN_BTP_Aintilli:0 "Aintillí na hÉireann"
 COLONIAL_THE_CARRIBEAN_BTP_Aintilli_ADJ:0 "Aintillíoch"
 #Australia
 COLONIAL_AUSTRALIA_BTP_Astrail:0 "Astráil"
 COLONIAL_AUSTRALIA_BTP_Astrail_ADJ:0 "Astráileach"
 #Beyond Typus Regions
 #Cascadia
 COLONIAL_CALIFORNIA_Columbia:0 "Columbia"
 COLONIAL_CALIFORNIA_Columbia_ADJ:0 "Columbian"
 COLONIAL_CALIFORNIA_Root_Culture_GetGroupName_Cascadia:0 "[Root.GetAdjective] Cascadia"
 COLONIAL_CALIFORNIA_Root_Culture_GetGroupName_Cascadia_ADJ:0 "[Root.GetAdjective] Cascadian"
 COLONIAL_CASCADIA_Tir_na_Easanna:0 "Tir na nEasanna"
 COLONIAL_CASCADIA_Tir_na_Easanna_ADJ:0 "Easach"
 #NWTs
 COLONIAL_NWT_Northwest_Territories:0 "Northwest Territories"
 COLONIAL_NWT_Northwest_Territories_ADJ:0 "Northwestern"
 COLONIAL_NWT_Culchriocha_an_Iarthuaiscirt:0 "Cúlchríocha an Iarthuaiscirt"
 COLONIAL_NWT_Culchriocha_an_Iarthuaiscirt_ADJ:0 "Cúlchríochach"
 #Hudson Bay
 COLONIAL_HUDSON_BAY_Coillte_na_Craioch:0 "Coillte na gCraíoch"
 COLONIAL_HUDSON_BAY_Coillte_na_Craioch_ADJ:0 "Craíoch"
 #Newfoundland
 COLONIAL_CANADA_Terra_Nova:0 "Terra Nova"
 COLONIAL_CANADA_Terra_Nova_ADJ:0 "Terra Nova"
 COLONIAL_CANADA_Terre_Neuve:0 "Terre-Neuve"
 COLONIAL_CANADA_Terre_Neuve_ADJ:0 "Terre-Neuve"
 COLONIAL_CANADA_Talamh_an_Eisc:0 "Talamh an Éisc"
 COLONIAL_CANADA_Talamh_an_Eisc_ADJ:0 "Talamh an Éisc"
 COLONIAL_CANADA_Douar_Nevez:0 "Douar-Nevez"
 COLONIAL_CANADA_Douar_Nevez_ADJ:0 "Douar-Nevez"
 COLONIAL_CANADA_Ternua:0 "Ternua"
 COLONIAL_CANADA_Ternua_ADJ:0 "Ternua"
 COLONIAL_CANADA_Avalon:0 "Avalon"
 COLONIAL_CANADA_Avalon_ADJ:0 "Avalonian"
 COLONIAL_CANADA_Eilean_an_Truisg:0 "Eilean an Truisg"
 COLONIAL_CANADA_Eilean_an_Truisg_ADJ:0 "Eilean an Truisg"
 COLONIAL_CANADA_Bacallao:0 "Terra Nova"                #Bacallao removed on the suggestion of 4 Portuguese speakers.
 COLONIAL_CANADA_Bacallao_ADJ:0 "Terra Nova"
 COLONIAL_CANADA_Afallon:0 "Afallon"
 COLONIAL_CANADA_Afallon_ADJ:0 "Afallon"
 #Acadia
 COLONIAL_CANADA_Alba_Nuadh:0 "Alba Nuadh"
 COLONIAL_CANADA_Alba_Nuadh_ADJ:0 "Alba Nuadh"
 COLONIAL_ACADIA_Nyja_Skotland:0 "Nyja-Skotland"
 COLONIAL_ACADIA_Nyja_Skotland_ADJ:0 "Nyja-Skotland"
 COLONIAL_ACADIA_Nordr_Vinland:0 "Norðr Vinland"            #Is this right? I don't have an Old Norse dictionary on hand
 COLONIAL_ACADIA_Nordr_Vinland_ADJ:0 "Norðr Vinland"
 COLONIAL_ACADIA_Albain_Nua:0 "Albain Nua"
 COLONIAL_ACADIA_Albain_Nua_ADJ:0 "Albain Nua"
 COLONIAL_ACADIA_Acaid:0 "Acáid"
 COLONIAL_ACADIA_Acaid_ADJ:0 "Acáideach"
 #Florida
 COLONIAL_FLORIDA_Florida:0 "Florida"
 COLONIAL_FLORIDA_Florida_ADJ:0 "Florida"
 COLONIAL_FLORIDA_Floride:0 "Floride"
 COLONIAL_FLORIDA_Floride_ADJ:0 "Floride"
 COLONIAL_FLORIDA_Tir_Bhlafar:0 "Bláthmar"           #Old Irish spelling here, because I said so =p (modern would be 'Blafar'). Alternates would be to include Tir (land) or Leithinis (half island aka. peninsula) (dont forget to add the 'h' after the 'B' if adding either).
 COLONIAL_FLORIDA_Tir_Bhlafar_ADJ:0 "Bláthmarach"
 #Cuba
 COLONIAL_CUBA_Cuba_IE:0 "Cúba"
 COLONIAL_CUBA_Cuba_IE_ADJ:0 "Cúba"
 COLONIAL_CUBA_Cuba_CY:0 "Ciwba"
 COLONIAL_CUBA_Cuba_CY_ADJ:0 "Ciwba"
 COLONIAL_CUBA_Kuba:0 "Kuba"
 COLONIAL_CUBA_Kuba_ADJ:0 "Kuba"
 #Hispaniola
 COLONIAL_HISPANIOLA_Haiti:0 "Haiti"
 COLONIAL_HISPANIOLA_Haiti_ADJ:0 "Haiti"
 COLONIAL_HISPANIOLA_Saint_Domingue:0 "Saint-Domingue"
 COLONIAL_HISPANIOLA_Saint_Domingue_ADJ:0 "Saint-Domingue"
 COLONIAL_HISPANIOLA_Heitejyar:0 "Heitejyar"
 COLONIAL_HISPANIOLA_Heitejyar_ADJ:0 "Heitejyar"
 COLONIAL_HISPANIOLA_Haiti_IE:0 "Dominic Naofa"
 COLONIAL_HISPANIOLA_Haiti_IE_ADJ:0 "Dominic Naofach"
 #Bahamas
 COLONIAL_BAHAMAS_Bahamas:0 "Bahamas"
 COLONIAL_BAHAMAS_Bahamas_ADJ:0 "Bahamas"
 COLONIAL_BAHAMAS_Bahamai:0 "Bahamaí"
 COLONIAL_BAHAMAS_Bahamai_ADJ:0 "Bahamach"
 #Greenland
 colonial_greenland:0 "Colonial Greenland"
 COLONIAL_GREENLAND_Greenland:0 "Greenland"
 COLONIAL_GREENLAND_Greenland_ADJ:0 "Greenlandic"
 COLONIAL_GREENLAND_BTP_IE:0 "Tír Ghlas"
 COLONIAL_GREENLAND_BTP_IE_ADJ:0 "Tír Ghlas"
 COLONIAL_GREENLAND_BTP_BR:0 "Douar C'hwer"
 COLONIAL_GREENLAND_BTP_BR_ADJ:0 "Douar C'hwer"
 COLONIAL_GREENLAND_BTP_CY:0 "Yr Ynys Las"
 COLONIAL_GREENLAND_BTP_CY_ADJ:0 "Yr Ynys Las"
 #Polynesia
 COLONIAL_POLYNESIA_Default:0 "Aotearoa"
 COLONIAL_POLYNESIA_Default_ADJ:0 "Aotearoan"
 COLONIAL_POLYNESIA_LA:0 "Nova Zeelandia"
 COLONIAL_POLYNESIA_LA_ADJ:0 "Nova Zeelandian"
 COLONIAL_POLYNESIA_EN:0 "New Zealand"
 COLONIAL_POLYNESIA_EN_ADJ:0 "New Zealander"
 COLONIAL_POLYNESIA_NE:0 "Nieuw-Zeeland"
 COLONIAL_POLYNESIA_NE_ADJ:0 "Nieuw-Zeelandse"
 COLONIAL_POLYNESIA_DE:0 "Neuseeland"
 COLONIAL_POLYNESIA_DE_ADJ:0 "Neuseelander"
 COLONIAL_POLYNESIA_FR:0 "Nouvelle-Zélande"
 COLONIAL_POLYNESIA_FR_ADJ:0 "Nouvelle-Zélandaise"
 COLONIAL_POLYNESIA_IE:0 "Nua-Shéalainn"         #art. is mandatory, but skipping it for consistancy
 COLONIAL_POLYNESIA_IE_ADJ:0 "Nua-Shéalainnach"         #art. is mandatory, but skipping it for consistancy
 COLONIAL_POLYNESIA_CY:0 "Seland Newydd"
 COLONIAL_POLYNESIA_CY_ADJ:0 "Seland Newydd"            #post noun gen. adj. how does one handle this?
 COLONIAL_POLYNESIA_BR:0 "Zeland-Nevez"
 COLONIAL_POLYNESIA_BR_ADJ:0 "Zeland-Nevez"            #post noun gen. adj. how does one handle this?
 #Cape Colony
 COLONIAL_CAPE_COLONY_Default:0 "Cape Colony"
 COLONIAL_CAPE_COLONY_Default_ADJ:0 "Cape Colony"
 COLONIAL_CAPE_COLONY_EN:0 "Cape Colony"
 COLONIAL_CAPE_COLONY_EN_ADJ:0 "Cape Colony"
 COLONIAL_CAPE_COLONY_NE:0 "Kaapkolonie"
 COLONIAL_CAPE_COLONY_NE_ADJ:0 "Kaapkolonie"
 COLONIAL_CAPE_COLONY_FR:0 "Colonie du Cap"
 COLONIAL_CAPE_COLONY_FR_ADJ:0 "Colonie du Cap"
 COLONIAL_CAPE_COLONY_BR:0 "Trevadenn ar C'hab"
 COLONIAL_CAPE_COLONY_BR_ADJ:0 "Trevadenn ar C'hab"
 
 #deserk's OWN suggestions, using for OEN too, unless someone can suggest better
 COLONIAL_ALASKA_BTP_Halaskaland:0 "Halaskaland"
 COLONIAL_ALASKA_BTP_Halaskaland_ADJ:0 "Halaskaland"
 COLONIAL_CANADA_BTP_Markland:0 "Markland"
 COLONIAL_CANADA_BTP_Markland_ADJ:0 "Markland"
 COLONIAL_EASTERN_AMERICA_BTP_Vinland:0 "Vinland"
 COLONIAL_EASTERN_AMERICA_BTP_Vinland_ADJ:0 "Vinland"
 COLONIAL_LOUISIANA_BTP_Konungrborg:0 "Konungrborg"
 COLONIAL_LOUISIANA_BTP_Konungrborg_ADJ:0 "Konungrborg"
 COLONIAL_CALIFORNIA_BTP_Kalarheimr:0 "Kalarheimr"
 COLONIAL_CALIFORNIA_BTP_Kalarheimr_ADJ:0 "Kalarheimr"
 COLONIAL_MEXICO_BTP_Meksavik:0 "Meksavik"
 COLONIAL_MEXICO_BTP_Meksavik_ADJ:0 "Meksavik"
 COLONIAL_THE_CARRIBEAN_BTP_Kubejyar:0 "Kubejyar"
 COLONIAL_THE_CARRIBEAN_BTP_Kubejyar_ADJ:0 "Kubejyar"
 COLONIAL_COLOMBIA_BTP_Karbumork:0 "Karbumork"
 COLONIAL_COLOMBIA_BTP_Karbumork_ADJ:0 "Karbumork"
 COLONIAL_PERU_BTP_Birurheimr:0 "Birurheimr"
 COLONIAL_PERU_BTP_Birurheimr_ADJ:0 "Birurheimr"
 COLONIAL_LA_PLATA_BTP_Sylfrdalar:0 "Sylfrdalar"
 COLONIAL_LA_PLATA_BTP_Sylfrdalar_ADJ:0 "Sylfrdalar"
 COLONIAL_BRAZIL_BTP_Miklavidr:0 "Miklaviðr"
 COLONIAL_BRAZIL_BTP_Miklavidr_ADJ:0 "Miklaviðr"
 COLONIAL_AUSTRALIA_BTP_Fjarejyar:0 "Fjarejyar"
 COLONIAL_AUSTRALIA_BTP_Fjarejyar_ADJ:0 "Fjarejyar"
 COLONIAL_GREENLAND_BTP_Groenland:0 "Grœnland"
 COLONIAL_GREENLAND_BTP_Groenland_ADJ:0 "Grœnland"
 COLONIAL_CASCADIA_Skraelmork:0 "Skrælmork"
 COLONIAL_CASCADIA_Skraelmork_ADJ:0 "Skrælmork"
 COLONIAL_NWT_Vanaheimr:0 "Vanaheimr"
 COLONIAL_NWT_Vanaheimr_ADJ:0 "Vanaheimr"
 COLONIAL_HUDSON_BAY_Helluland:0 "Helluland"
 COLONIAL_HUDSON_BAY_Helluland_ADJ:0 "Helluland"
 COLONIAL_ACADIA_Egdirnaes:0 "Egðirnæs"
 COLONIAL_ACADIA_Egdirnaes_ADJ:0 "Egðirnæs"
 COLONIAL_CAPE_COLONY_NO:0 "Nesnýlenda"
 COLONIAL_CAPE_COLONY_NO_ADJ:0 "Nesnýlenda"
 
 #deserk's Greek suggestions
 COLONIAL_CANADA_BTP_Kanadas:0 "Kanadás"
 COLONIAL_CANADA_BTP_Kanadas_ADJ:0 "Kanadás"
 COLONIAL_EASTERN_AMERICA_BTP_Nea_Attike:0 "Néa Attike"
 COLONIAL_EASTERN_AMERICA_BTP_Nea_Attike_ADJ:0 "Néa Attike"
 COLONIAL_LOUISIANA_BTP_Komnenaia:0 "Komnenaia"
 COLONIAL_LOUISIANA_BTP_Komnenaia_ADJ:0 "Komnenaian"
 COLONIAL_THE_CARRIBEAN_Nea_Kyklades:0 "Néa Kykládes"
 COLONIAL_THE_CARRIBEAN_Nea_Kyklades_ADJ:0 "Néa Kykládian"
 COLONIAL_PERU_BTP_Perou:0 "Peroú"
 COLONIAL_PERU_BTP_Perou_ADJ:0 "Peroú"
 COLONIAL_AUSTRALIA_BTP_Pankhaia:0 "Pankhaia"
 COLONIAL_AUSTRALIA_BTP_Pankhaia_ADJ:0 "Pankhaian"
 COLONIAL_HUDSON_BAY_Pythaia:0 "Pythaia"
 COLONIAL_HUDSON_BAY_Pythaia_ADJ:0 "Pythaian"
 COLONIAL_CANADA_Nea_Taurike:0 "Néa Taurike"
 COLONIAL_CANADA_Nea_Taurike_ADJ:0 "Néa Taurike"
 COLONIAL_ACADIA_Nea_Arkadia:0 "Néa Arkadía"
 COLONIAL_ACADIA_Nea_Arkadia_ADJ:0 "Néa Arkadían"
 COLONIAL_FLORIDA_Florinta:0 "Flórinta"
 COLONIAL_FLORIDA_Florinta_ADJ:0 "Flórintan"
 COLONIAL_CUBA_Kouva:0 "Koúva"
 COLONIAL_CUBA_Kouva_ADJ:0 "Koúvan"
 COLONIAL_HISPANIOLA_Nea_Sikelia:0 "Néa Sikelia"
 COLONIAL_HISPANIOLA_Nea_Sikelia_ADJ:0 "Néa Sikelian"
 COLONIAL_BAHAMAS_Bachames:0 "Bachámes"
 COLONIAL_BAHAMAS_Bachames_ADJ:0 "Bachámes"
 COLONIAL_GREENLAND_BTP_Hupervoreios:0 "Hupérvóreios"
 COLONIAL_GREENLAND_BTP_Hupervoreios_ADJ:0 "Hupérvóreios"
 
 #Arga's Germanic suggestions, Not using for Dutch or NED tag, though
 COLONIAL_ALASKA_BTP_Denalien:0 "Denalien"
 COLONIAL_ALASKA_BTP_Denalien_ADJ:0 "Denalien"
 COLONIAL_CANADA_BTP_Kanata:0 "Kanata"
 COLONIAL_CANADA_BTP_Kanata_ADJ:0 "Kanata"
 COLONIAL_EASTERN_AMERICA_BTP_Neudeutschland:0 "Neudeutschland"
 COLONIAL_EASTERN_AMERICA_BTP_Neudeutschland_ADJ:0 "Neudeutschland"
 COLONIAL_LOUISIANA_BTP_Neufrankreich:0 "Neufrankreich"
 COLONIAL_LOUISIANA_BTP_Neufrankreich_ADJ:0 "Neufrankreich"
 COLONIAL_CALIFORNIA_BTP_Kalifien:0 "Kalifien"
 COLONIAL_CALIFORNIA_BTP_Kalifien_ADJ:0 "Kalifien"
 COLONIAL_MEXICO_BTP_Mexicaland:0 "Mexicaland"
 COLONIAL_MEXICO_BTP_Mexicaland_ADJ:0 "Mexicaland"
 COLONIAL_COLOMBIA_BTP_Welsien:0 "Welsien"
 COLONIAL_COLOMBIA_BTP_Welsien_ADJ:0 "Welsien"
 COLONIAL_PERU_BTP_Pyrien:0 "Pyrien"
 COLONIAL_PERU_BTP_Pyrien_ADJ:0 "Pyrien"
 COLONIAL_LA_PLATA_BTP_Silberland:0 "Silberland"
 COLONIAL_LA_PLATA_BTP_Silberland_ADJ:0 "Silberland"
 COLONIAL_BRAZIL_BTP_Pernambien:0 "Pernambien"
 COLONIAL_BRAZIL_BTP_Pernambien_ADJ:0 "Pernambien"
 COLONIAL_AUSTRALIA_BTP_Suedland:0 "Südland"
 COLONIAL_AUSTRALIA_BTP_Suedland_ADJ:0 "Südland"
 COLONIAL_CASCADIA_Astorien:0 "Astorien"
 COLONIAL_CASCADIA_Astorien_ADJ:0 "Astorien"
 COLONIAL_NWT_Nordwestkolonie:0 "Nordwestkolonie"
 COLONIAL_NWT_Nordwestkolonie_ADJ:0 "Nordwestkolonie"
 COLONIAL_HUDSON_BAY_Ruprechtsland:0 "Ruprechtsland"
 COLONIAL_HUDSON_BAY_Ruprechtsland_ADJ:0 "Ruprechtsland"
 COLONIAL_CANADA_BTP_Neuland:0 "Neuland"
 COLONIAL_CANADA_BTP_Neuland_ADJ:0 "Neuland"
 COLONIAL_ACADIA_Neu_Braunschweig:0 "Neu Braunschweig"
 COLONIAL_ACADIA_Neu_Braunschweig_ADJ:0 "Neu Braunschweig"
 COLONIAL_CUBA_Ferdinandien:0 "Ferdinandien"
 COLONIAL_CUBA_Ferdinandien_ADJ:0 "Ferdinandien"
 COLONIAL_GREENLAND_BTP_Gruenland:0 "Grünland"
 COLONIAL_GREENLAND_BTP_Gruenland_ADJ:0 "Grünland"
 COLONIAL_FLORIDA_Osterkueste:0 "Osterküste"
 COLONIAL_FLORIDA_Osterkueste_ADJ:0 "Osterküster"
 COLONIAL_BAHAMAS_Flachmeer:0 "Flachmeer"
 COLONIAL_BAHAMAS_Flachmeer_ADJ:0 "Flachmeer"
 COLONIAL_THE_CARRIBEAN_Westindien:0 "Westindien"
 COLONIAL_THE_CARRIBEAN_Westindien_ADJ:0 "Westindien"
 COLONIAL_THE_CARRIBEAN_NED:0 "West-Indische Bezittingen"
 COLONIAL_THE_CARRIBEAN_NED_ADJ:0 "West-Indische Bezittingen"
 
 #Argacyan's non Germanic names
 COLONIAL_ALASKA_BT_EAST_ASIAN:0 "Yuè"
 COLONIAL_ALASKA_BT_EAST_ASIAN_ADJ:0 "Yuè"
 
 #Procyon's South Africa
 COLONIAL_CAPE_COLONY_DE:0 "Kapkolonie"
 COLONIAL_CAPE_COLONY_DE_ADJ:0 "Kapkolonie"
 COLONIAL_CAPE_COLONY_ES:0 "Colonia de Cabo"
 COLONIAL_CAPE_COLONY_ES_ADJ:0 "Colonia de Cabo"
 COLONIAL_CAPE_COLONY_PT:0 "Colónia do Cabo"
 COLONIAL_CAPE_COLONY_PT_ADJ:0 "Colónia do Cabo"
 COLONIAL_CAPE_COLONY_IE:0 "Coilíneacht na Rinne"
 COLONIAL_CAPE_COLONY_IE_ADJ:0 "Coilíneacht na Rinne"
 COLONIAL_CAPE_COLONY_LA:0 "Colonia del Capo"
 COLONIAL_CAPE_COLONY_LA_ADJ:0 "Colonia del Capo"
 #Suggested by Procyon, but changed by Draiocht
 COLONIAL_CAPE_COLONY_CY:0 "Gwladfa y Penrhyn"          #Or Eris's Tir y De
 COLONIAL_CAPE_COLONY_CY_ADJ:0 "Gwladfa y Penrhyn"
 COLONIAL_CAPE_COLONY_EU:0 "Lurmuturreko Kolonia"
 COLONIAL_CAPE_COLONY_EU_ADJ:0 "Lurmuturreko Kolonia"
 
 #Nikicaga's South Africa
 COLONIAL_CAPE_COLONY_EL:0 "Akrotirou"
 COLONIAL_CAPE_COLONY_EL_ADJ:0 "Akrotirou"
 COLONIAL_CAPE_COLONY_WEST_SLAVIC:0 "Przyladek"
 COLONIAL_CAPE_COLONY_WEST_SLAVIC_ADJ:0 "Przyladek"
 COLONIAL_CAPE_COLONY_SOUTH_SLAVIC:0 "Rtska Kolonija"
 COLONIAL_CAPE_COLONY_SOUTH_SLAVIC_ADJ:0 "Rtska Kolonija"
 COLONIAL_CAPE_COLONY_TU:0 "Pelerin-eli"
 COLONIAL_CAPE_COLONY_TU_ADJ:0 "Pelerin-eli"
 #Suggested by Nikicaga, but changed by Draiocht
 COLONIAL_CAPE_COLONY_EAST_SLAVIC:0 "Mys Dobroy Nadezhdy"         #Credit to ComposMentis for help here, apparently the most common name during Russian-South African interactions before 1850. Or Koloniya Mysa, and also note apparently Kafreria was used, though avoiding this for obvious reasons.
 COLONIAL_CAPE_COLONY_EAST_SLAVIC_ADJ:0 "Mys Dobroy Nadezhdy"
 
 #Procyon & Nikicaga both (Not sure who was first?)
 COLONIAL_CAPE_COLONY_NP:0 "Minamiafurika"
 COLONIAL_CAPE_COLONY_NP_ADJ:0 "Minamiafurika"
 COLONIAL_CAPE_COLONY_CN:0 "Nanfei"
 COLONIAL_CAPE_COLONY_CN_ADJ:0 "Nanfei"
 COLONIAL_CAPE_COLONY_KO:0 "Huimangbong"
 COLONIAL_CAPE_COLONY_KO_ADJ:0 "Huimangbong"
 COLONIAL_CAPE_COLONY_AR:0 "Alraas"
 COLONIAL_CAPE_COLONY_AR_ADJ:0 "Alraas"
 
 #Madagascar
 COLONIAL_MADAGASCAR_Madagascar:0 "Madagascar"
 COLONIAL_MADAGASCAR_Madagascar_ADJ:0 "Madagascan"
 COLONIAL_MADAGASCAR_Root_Culture_GetName_Madagascar:0 "[Root.GetAdjective] Madagascar"
 COLONIAL_MADAGASCAR_Root_Culture_GetName_Madagascar_ADJ:0 "[Root.GetAdjective] Madagascan"
 
 #Central America
 COLONIAL_CENTRAL_AMERICA_Central_America:0 "Central America"
 COLONIAL_CENTRAL_AMERICA_Central_America_ADJ:0 "Central American"
 COLONIAL_CENTRAL_AMERICA_Root_Culture_GetName_Central_America:0 "[Root.GetAdjective] Central America"
 COLONIAL_CENTRAL_AMERICA_Root_Culture_GetName_Central_America_ADJ:0 "[Root.GetAdjective] Central American"
 
 #Rio Grande
 COLONIAL_RIO_GRANDE_Rio_Grande:0 "Rio Grande"
 COLONIAL_RIO_GRANDE_Rio_Grande_ADJ:0 "Texan"
 COLONIAL_RIO_GRANDE_Root_Culture_GetName_Rio_Grande:0 "[Root.GetAdjective] Rio Grande"
 COLONIAL_RIO_GRANDE_Root_Culture_GetName_Rio_Grande_ADJ:0 "[Root.GetAdjective] Texan"
 COLONIAL_RIO_GRANDE_Riverside:0 "Riverside Colony"
 COLONIAL_RIO_GRANDE_Riverside_ADJ:0 "Riverside"
 COLONIAL_RIO_GRANDE_Texas:0 "Texas"
 COLONIAL_RIO_GRANDE_Texas_ADJ:0 "Texan"
 COLONIAL_RIO_GRANDE_Ribera:0 "Alta Ribera"
 COLONIAL_RIO_GRANDE_Ribera_ADJ:0 "Alta Riberan"
 COLONIAL_RIO_GRANDE_Flodbred:0 "Ovre Flodbred"
 COLONIAL_RIO_GRANDE_Flodbred_ADJ:0 "Flodbredare"
 COLONIAL_RIO_GRANDE_Flussufer:0 "Flussuferkolonie"
 COLONIAL_RIO_GRANDE_Flussufer_ADJ:0 "Flussuferkolonien"
 COLONIAL_RIO_GRANDE_Lungofiume:0 "Colonia del Lungofiume"
 COLONIAL_RIO_GRANDE_Lungofiume_ADJ:0 "Lungofiumini"
 COLONIAL_RIO_GRANDE_Riverie:0 "Colonie de Rivière"
 COLONIAL_RIO_GRANDE_Riverie_ADJ:0 "Riverain"
 COLONIAL_RIO_GRANDE_Rivieroever:0 "Rivieroeverkolonie"
 COLONIAL_RIO_GRANDE_Rivieroever_ADJ:0 "Oever"
 COLONIAL_RIO_GRANDE_Akropotamia:0 "Akropotamia"
 COLONIAL_RIO_GRANDE_Akropotamia_ADJ:0 "Akropotamian"
 COLONIAL_RIO_GRANDE_Tir_na_Easanna:0 "Tir na nEasanna"
 COLONIAL_RIO_GRANDE_Tir_na_Easanna_ADJ:0 "Easach"
 
 #Great Lakes
 COLONIAL_GREAT_LAKES_Great_Lakes:0 "Great Lakes"
 COLONIAL_GREAT_LAKES_Great_Lakes_ADJ:0 "Ohioan"
 COLONIAL_GREAT_LAKES_Root_Culture_GetName_Great_Lakes:0 "[Root.GetAdjective] Great Lakes"
 COLONIAL_GREAT_LAKES_Root_Culture_GetName_Great_Lakes_ADJ:0 "[Root.GetAdjective] Ohioan"
 
 #Eris's Welsh suggestions. Look solid to me at a glance.
 COLONIAL_EASTERN_AMERICA_CY:0 "Cymru Newydd"
 COLONIAL_EASTERN_AMERICA_CY_ADJ:0 "Cymru Newydd"
 COLONIAL_LOUISIANA_CY:0 "Afon Duw"
 COLONIAL_LOUISIANA_CY_ADJ:0 "Afon Duw"
 COLONIAL_MEXICO_CY:0 "Tir Aztec"
 COLONIAL_MEXICO_CY_ADJ:0 "Tir Aztec"
 COLONIAL_COLOMBIA_CY:0 "Tir Aur"
 COLONIAL_COLOMBIA_CY_ADJ:0 "Tir Aur"
 COLONIAL_LA_PLATA_CY:0 "Y Wladfa"
 COLONIAL_LA_PLATA_CY_ADJ:0 "Y Wladfa"
 COLONIAL_BRAZIL_CY:0 "Arfordir Gwyrdd"
 COLONIAL_BRAZIL_CY_ADJ:0 "Arfordir Gwyrdd"
 COLONIAL_HUDSON_BAY_CY:0 "Bae Gogledd"
 COLONIAL_HUDSON_BAY_CY_ADJ:0 "Bae Gogledd"
 COLONIAL_ACADIA_CY:0 "Yr Alban Newydd"
 COLONIAL_ACADIA_CY_ADJ:0 "Yr Alban Newydd"
 COLONIAL_BAHAMAS_CY:0 "Ynysoedd Lawer"
 COLONIAL_BAHAMAS_CY_ADJ:0 "Ynysoedd Lawer"
 COLONIAL_THE_CARRIBEAN_CY:0 "India'r Gorllewin"
 COLONIAL_THE_CARRIBEAN_CY_ADJ:0 "India'r Gorllewin"
 COLONIAL_CANADA_CY:0 "Bryniau"
 COLONIAL_CANADA_CY_ADJ:0 "Bryniau"
 COLONIAL_HISPANIOLA_CY:0 "Ynys Fawr"
 COLONIAL_HISPANIOLA_CY_ADJ:0 "Ynys Fawr"