l_english:
#Regions & Superregions
 west_africa_superregion:0 "West Africa"
 central_africa_superregion:0 "Central Africa"
 east_africa_superregion:0 "East Africa"
 indochina_superregion:0 "Indo-China"
 siberia_superregion:0 "Siberia"
 southern_europe_superregion:0 "Southern Europe"
 central_europe_superregion:0 "Central Europe"
 northern_europe_superregion:0 "Northern Europe"
 
#Areas
 sulu_islands_area:0 "Sulu Islands"
 sulu_islands_area_name:0 "Mindanao"
 sulu_islands_area_adj:0 "Sulu"
 north_kalimantan_area:0 "North Kalimantan"
 north_kalimantan_area_name:0 "Brunei"
 north_kalimantan_area_adj:0 "Bruneian"
 central_luzon_area:0 "Central Luzon"
 central_luzon_area_name:0 "Luzon"
 central_luzon_area_adj:0 "Luzon"
 sultra_area:0 "Sultra"
 sultra_area_name:0 "Celebes"
 sultra_area_adj:0 "Sulawesi"
 flores_area:0 "Flores"
 flores_area_name:0 "Sunda Islands"
 flores_area_adj:0 "Sunda"
 inner_borneo_area:0 "Inner Borneo"
 inner_borneo_area_name:0 "Borneo"
 inner_borneo_area_adj:0 "Bornean"
 karta_area:0 "Karta"
 karta_area_name:0 "Java"
 karta_area_adj:0 "Javan"
 perak_area:0 "Perak"
 perak_area_name:0 "Malacca"
 perak_area_adj:0 "Malaccan"
 riau_islands_area:0 "Riau Islands"
 riau_islands_area_name:0 "Riau"
 riau_islands_area_adj:0 "Riau"
 central_sulawesi_area:0 "Central Sulawesi"
 central_sulawesi_area_name:0 "Celebes"
 central_sulawesi_area_adj:0 "Sulawesi"
 west_sulawesi_area:0 "West Sulawesi"
 west_sulawesi_area_name:0 "Celebes"
 west_sulawesi_area_adj:0 "Sulawesi"
 kurils_area:0 "Kurils"
 kurils_area_name:0 "Kurils"
 kurils_area_adj:0 "Kuril"
 south_holland_area:0 "South Holland"
 south_holland_area_name:0 "Holland"
 south_holland_area_adj:0 "Dutch"
 morbihan_area:0 "Morbihan"
 morbihan_area_name:0 "Brittany"
 morbihan_area_adj:0 "Breton"
 bukovina_area:0 "Bukovina"
 bukovina_area_name:0 "Moldavia"
 bukovina_area_adj:0 "Moldavian"
 opole_area:0 "Opole"
 opole_area_name:0 "Silesia"
 opole_area_adj:0 "Silesian"
 osel_wiek_area:0 "Ösel–Wiek"
 osel_wiek_area_name:0 "Estonia"
 osel_wiek_area_adj:0 "Estonian"
 east_livonia_area:0 "East Livonia"
 east_livonia_area_name:0 "Livonia"
 east_livonia_area_adj:0 "Livonian"
 kuban_area:0 "Kuban"
 kuban_area_name:0 "Kuban"
 kuban_area_adj:0 "Kuban"
 ordzhonikidze_area:0 "Ordzhonikidze"
 ordzhonikidze_area_name:0 "Ordzhonikidze"
 ordzhonikidze_area_adj:0 "Ordzhonikidze"
 kalmykia_area:0 "Kalmykia"
 kalmykia_area_name:0 "Kalmykia"
 kalmykia_area_adj:0 "Kalmykian"
 crimea_coast_area:0 "Crimean Coast"
 crimea_coast_area_name:0 "Crimea"
 crimea_coast_area_adj:0 "Crimean"
 great_lakes_sea_area:0 "Great Lakes"
 great_lakes_sea_area_name:0 "Great Lakes"
 great_lakes_sea_area_adj:0 "Great Lakes"
 eastern_iroquoisia_area:0 "Eastern Iroquoisia"
 eastern_iroquoisia_area_name:0 "Iroquoisia"
 eastern_iroquoisia_area_adj:0 "Iroquois"
 delmarva_area:0 "Delmarva"
 delmarva_area_name:0 "Delmarva"
 delmarva_area_adj:0 "Delmarvan"
 north_livonia_area:0 "North Livonia"
 north_livonia_area_name:0 "North Livonia"
 north_livonia_area_adj:0 "Livonian"
 south_champagne_area:0 "Southern Champagne"
 south_champagne_area_name:0 "Champagne"
 south_champagne_area_adj:0 "Champagnoux"
 halmahera_area:0 "Halmahera"
 halmahera_area_name:0 "Moluccas"
 halmahera_area_adj:0 "Halmaheran"
 banat_area:0 "Banat"
 banat_area_name:0 "Banat"
 banat_area_adj:0 "Transylvanian"
 crisana_area:0 "Crisana"
 crisana_area_name:0 "Crisana"
 crisana_area_adj:0 "Transylvanian"
 latgallia_area:0 "Latgallia"
 latgallia_area_name:0 "Latgallia"
 latgallia_area_adj:0 "Latgallian"
 fr_maine_area:0 "Maine"
 fr_maine_area_name:0 "Anjou"
 fr_maine_area_adj:0 "Angevin"
 berry_area:0 "Berry"
 berry_area_name:0 "Loire"
 berry_area_adj:0 "Berrichon"
 saintonge_area:0 "Saintonge-Angoumois"
 saintonge_area_name:0 "Poitou"
 saintonge_area_adj:0 "Poitevin"
 btc_pyrenees_area:0 "Pyrenees"
 btc_pyrenees_area_name:0 "Gascony"
 btc_pyrenees_area_adj:0 "Gascon"
 bourbonnais_area:0 "Bourbonnais"
 bourbonnais_area_name:0 "Bourbonnais"
 bourbonnais_area_adj:0 "Bourbon"
 lunigiana_area:0 "Lunigiana"
 lunigiana_area_name:0 "Tuscany"
 lunigiana_area_adj:0 "Tuscan"
 paderborn_area:0 "Paderborn"
 paderborn_area_name:0 "Paderborn"
 paderborn_area_adj:0 "Paderborn"
 montevideo_area:0 "Montevideo"
 montevideo_area_name:0 "Montevideo"
 montevideo_area_adj:0 "Uruguayan"
 northern_aegean_islands_area:0 "Northern Aegean Islands"
 northern_aegean_islands_area_name:0 "Aegean Islands"
 northern_aegean_islands_area_adj:0 "Aegean"
 caria_area:0 "Caria"
 caria_area_name:0 "Caria"
 caria_area_adj:0 "Carian"
 north_macedonia_area:0 "North Macedonia"
 north_macedonia_area_name:0 "Macedonia"
 north_macedonia_area_adj:0 "Macedonian"
 cordoba_arg_area:0 "Córdoba"
 cordoba_arg_area_name:0 "Córdoba"
 cordoba_arg_area_adj:0 "Cordobese"
 santafe_area:0 "Santa Fe"
 santafe_area_name:0 "Santa Fe"
 santafe_area_adj:0 "Argentinian"
 santa_catarina_area:0 "Santa Catarina"
 santa_catarina_area_name:0 "Santa Catarina"
 santa_catarina_area_adj:0 "Catariniense"
 felvidek_area:0 "Felvidek"
 felvidek_area_name:0 "Felvidek"
 felvidek_area_adj:0 "Slovakian"
 western_transdanubia_area:0 "Western Transdanubia"
 western_transdanubia_area_name:0 "Transdanubia"
 western_transdanubia_area_adj:0 "Transdanubian"
 southern_transdanubia_area:0 "Southern Transdanubia"
 southern_transdanubia_area_name:0 "Transdanubia"
 southern_transdanubia_area_adj:0 "Transdanubian"
 southern_alfold_area:0 "Southern Alföld"
 southern_alfold_area_name:0 "Alföld"
 southern_alfold_area_adj:0 "Pannonian"
 szeklerland_area:0 "Szeklerland"
 szeklerland_area_name:0 "Székely"
 szeklerland_area_adj:0 "Székely"
 alagoas_area:0 "Alagoas"
 alagoas_area_name:0 "Alagoas"
 alagoas_area_adj:0 "Alagoense"
 friuli_area:0 "Friuli"
 friuli_area_name:0 "Friuli"
 friuli_area_adj:0 "Friulian"
 pomerelia_area:0 "Pomerelia"
 pomerelia_area_name:0 "Prussia"
 pomerelia_area_adj:0 "Prussian"
 kalisz_area:0 "Kalisz"
 kalisz_area_name:0 "Kalisz"
 kalisz_area_adj:0 "Kalisz"
 sudovia_area:0 "Sudovia"
 sudovia_area_name:0 "Prussia"
 sudovia_area_adj:0 "Yotvingian"
 luxembourg_area:0 "Luxembourg"
 luxembourg_area_name:0 "Luxembourg"
 luxembourg_area_asj:0 "Luxembourger"
 west_piedmont_area:0 "Turin"
 west_piedmont_area_name:0 "Piedmont"
 west_piedmont_area_adj:0 "Piedmontese"
 ivory_coast_area:0 "Ivory Coast"
 ivory_coast_area_name:0 "Ivory Coast"
 ivory_coast_area_adj:0 "Ivory Coaster"
 gold_coast_area:0 "Gold Coast"
 gold_coast_area_name:0 "Gold Coast"
 gold_coast_area_adj:0 "Gold Coaster"
 ashanti_area:0 "Ashanti"
 ashanti_area_name:0 "Ashanti"
 ashanti_area_adj:0 "Ashantian"
 south_tuscany_area:0 "South Tuscany"
 south_tuscany_area_name:0 "Tuscany"
 south_tuscany_area_adj:0 "Tuscan"
 istria_area:0 "Istria"
 istria_area_name:0 "Istria"
 istria_area_adj:0 "Istrian"
 croatia_coast_area:0 "Croatian Coast"
 croatia_coast_area_name:0 "Croatia"
 croatia_coast_area_adj:0 "Croatian"
 ragusa_area:0 "Dubrovnik"
 ragusa_area_name:0 "Dalmatia"
 ragusa_area_adj:0 "Dalmatian"
 south_albania_area:0 "Southern Albania"
 south_albania_area_name:0 "Albania"
 south_albania_area_adj:0 "Albanian"
 herzegovina_area:0 "Herzegovina"
 herzegovina_area_name:0 "Bosnia"
 herzegovina_area_adj:0 "Bosnian"
 east_bosnia_area:0 "Eastern Bosnia"
 east_bosnia_area_name:0 "Bosnia"
 east_bosnia_area_adj:0 "Bosnian"
 south_serbia_area:0 "Southern Serbia"
 south_serbia_area_name:0 "Serbia"
 south_serbia_area_adj:0 "Serbian"
 sofya_area:0 "Sofya"
 sofya_area_name:0 "Bulgaria"
 sofya_area_adj:0 "Bulgarian"
 ionian_islands_area:0 "Ionian Islands"
 ionian_islands_area_name:0 "Epirus"
 ionian_islands_area_adj:0 "Ionian"
 cyclades_area:0 "Cyclades"
 cyclades_area_name:0 "Aegean Islands"
 cyclades_area_adj:0 "Aegean"
 north_morea_area:0 "Northern Morea"
 north_morea_area_name:0 "Morea"
 north_morea_area_adj:0 "Morean"
 eastern_thrace_area:0 "Eastern Thrace"
 eastern_thrace_area_name:0 "Thrace"
 eastern_thrace_area_adj:0 "Thracian"
 oltenia_area:0 "Oltenia"
 oltenia_area_name:0 "Wallachia"
 oltenia_area_adj:0 "Wallachian"
 btc_murcia_area:0 "Murcia"
 btc_murcia_area_name:0 "Murcia"
 btc_murcia_area_adj:0 "Murcian"
 cantabrian_range_area:0 "Cantabrian Range"
 cantabrian_range_area_name:0 "Cantabria"
 cantabrian_range_area_adj:0 "Cantabrian"
 baetica_area:0 "Granada"
 baetica_area_name:0 "Granada"
 baetica_area_adj:0 "Andalusian"
 east_hokuriku_area:0 "East Hokuriku"
 east_hokuriku_area_name:0 "East Hokuriku"
 east_hokuriku_area_adj:0 "Hokuriku"
 ryukyu_area:0 "Ryukyu"
 ryukyu_area_name:0 "Ryukyu"
 ryukyu_area_adj:0 "Ryukyuan"
 south_thohoku_area:0 "South Tohoku"
 south_thohoku_area_name:0 "South Tohoku"
 south_thohoku_area_adj:0 "Tohoku"
 central_thohoku_area:0 "Central Tohoku"
 central_thohoku_area_name:0 "Central Tohoku"
 central_thohoku_area_adj:0 "Tohoku"
 south_zhejiang_area:0 "South Zhejiang"
 south_zhejiang_area_name:0 "South Zhejiang"
 south_zhejiang_area_adj:0 "Zhejiang"
 east_guangxi_area:0 "East Guangxi"
 east_guangxi_area_name:0 "East Guangxi"
 east_guangxi_area_adj:0 "Guangxi"
 north_shaanxi_area:0 "North Shaanxi"
 north_shaanxi_area_name:0 "North Shaanxi"
 north_shaanxi_area_adj:0 "Shaanxi"
 south_shandong_area:0 "South Shandong"
 south_shandong_area_name:0 "South Shandong"
 south_shandong_area_adj:0 "Shandong"
 eastern_bulgaria_area:0 "Eastern Bulgaria"
 eastern_bulgaria_area_name:0 "Bulgaria"
 eastern_bulgaria_area_adj:0 "Bulgarian"
 thessaly_area:0 "Thessaly"
 thessaly_area_name:0 "Thessaly"
 thessaly_area_adj:0 "Thessalian"
 dauphine_area:0 "Dauphiné"
 dauphine_area_name:0 "Dauphiné"
 dauphine_area_adj:0 "Dauphin"
 franche_comte_area:0 "Northern Franche-Comté"
 franche_comte_area_name:0 "Franche-Comté"
 franche_comte_area_adj:0 "Burgundian"
 east_guyenne_area:0 "East Guyenne"
 east_guyenne_area_name:0 "Guyenne"
 east_guyenne_area_adj:0 "Gascon"
 limousin_area:0 "Limousin-Marche"
 limousin_area_name:0 "Auvergne"
 limousin_area_adj:0 "Auvergne"
 west_normandy_area:0 "Lower Normandy"
 west_normandy_area_name:0 "Normandy"
 west_normandy_area_adj:0 "Norman"
 central_normandy_area:0 "Central Normandy"
 central_normandy_area_name:0 "Normandy"
 central_normandy_area_adj:0 "Norman"
 channel_islands_area:0 "Channel Islands"
 channel_islands_area_name:0 "Normandy"
 channel_islands_area_adj:0 "Norman"
 mid_wales_area:0 "Mid Wales"
 mid_wales_area_name:0 "Wales"
 mid_wales_area_adj:0 "Welsch"
 south_wales_area:0 "South Wales"
 south_wales_area_name:0 "Wales"
 south_wales_area_adj:0 "Welsch"
 cumbria_area:0 "Cumbria"
 cumbria_area_name:0 "Northumbria"
 cumbria_area_adj:0 "Northumbrian"
 sudtirol_area:0 "Südtirol"
 sudtirol_area_name:0 "Tirol"
 sudtirol_area_adj:0 "Tirolean"
 sicily_islands_area:0 "Sicilian Islands"
 sicily_islands_area_name:0 "Sicily"
 sicily_islands_area_adj:0 "Sicilian"
 umbria_area:0 "Umbria"
 umbria_area_name:0 "Umbria"
 umbria_area_adj:0 "Umbrian"
 lower_brittany_area:0 "Lower Brittany"
 lower_brittany_area_name:0 "Lower Brittany"
 lower_brittany_area_adj:0 "Breton"
 corsica_area:0 "Corsica"
 corsica_area_name:0 "Corsica"
 corsica_area_adj:0 "Corsican"
 east_sanyodo_area:1 "East Sanyodo"
 east_sanyodo_area_name:0 "East Sanyodo"
 east_sanyodo_area_adj:0 "Sanyodoan"
 btc_south_kyushu_area:0 "Hyuga"
 btc_south_kyushu_area_name:0 "Hyuga"
 btc_south_kyushu_area_adj:0 "Hyugan"
 central_kyushu_area:0 "Higo"
 central_kyushu_area_name:0 "Higo"
 central_kyushu_area_adj:0 "Higo"
 south_kinai_area:0 "South Kinai"
 south_kinai_area_name:0 "South Kinai"
 south_kinai_area_adj:0 "Kinai"
 czech_lands_region:0 "Czechia"
 czech_lands_region_name:0 "Czechia"
 czech_lands_region_adj:0 "Bohemian"
 chile_region:0 "Chile"
 chile_region_name:0 "Chile"
 chile_region_adj:0 "Chilean"
 greece_region_btc:0 "Rumelia"
 greece_region_btc_name:0 "Rumelia"
 greece_region_btc_adj:0 "Rumelian"
 verdun_area:0 "Trois-Évêchés"
 verdun_area_name:0 "Trois-Évêchés"
 verdun_area_adj:0 "Trois-Évêchian"
 lower_amazon_area:0 "Lower Amazon"
 lower_amazon_area_name:0 "Lower Amazon"
 lower_amazon_area_adj:0 "Amazonian"
 huillimapu_area:0 "Huillimapu"
 huillimapu_area_name:0 "Huillimapu"
 huillimapu_area_adj:0 "Huilliche"
 pincunmapu_area:0 "Pincunmapu"
 pincunmapu_area_name:0 "Pincunmapu"
 pincunmapu_area_adj:0 "Pincunche"
 osorno_area:0 "Osorno"
 osorno_area_name:0 "Osorno"
 osorno_area_adj:0 "Cunco"
 upper_palatinate_area:0 "Upper Palatinate"
 upper_palatinate_area_name:0 "Upper Palatinate"
 upper_palatinate_area_adj:0 "Palatinate"
 ingolstadt_area:0 "Ingolstadt"
 ingolstadt_area_name:0 "Bavaria"
 ingolstadt_area_adj:0 "Bavarian"
 central_swabia_area:0 "Central Swabia"
 central_swabia_area_name:0 "Swabia"
 central_swabia_area_adj:0 "Swabian"
 west_switzerland_area:0 "West Switzerland"
 west_switzerland_area_name:0 "Switzerland"
 west_switzerland_area_adj:0 "Swiss"
 grisons_area:0 "Grisons"
 grisons_area_name:0 "Switzerland"
 grisons_area_adj:0 "Swiss"
 lepontine_alps_area:0 "Lepontine Alps"
 lepontine_alps_area_name:0 "Lombardy"
 lepontine_alps_area_adj:0 "Lombard"
 west_swabia_area:0 "West Swabia"
 west_swabia_area_name:0 "Swabia"
 west_swabia_area_adj:0 "Swabian"
 eastern_wallachia_area:0 "Eastern Muntenia"
 eastern_wallachia_area_name:0 "Wallachia"
 eastern_wallachia_area_adj:0 "Wallachian"
 five_boroughs_area:0 "The Five Boroughs"
 five_boroughs_area_name:0 "Yorkshire"
 five_boroughs_area_adj:0 "Yorker"
 east_languedoc_area:0 "East Languedoc"
 east_languedoc_area_name:0 "Languedoc"
 east_languedoc_area_adj:0 "Languedoc"
 cuneo_area:0 "Cuneo"
 cuneo_area_name:0 "Piedmont"
 cuneo_area_adj:0 "Piedmontese"
 