l_english:
 PROV18:0 "Norra Lappmarken"
 PROV19:0 "Vasa"
 PROV31:0 "Sydsavolax"
 PROV54:0 "Verden"
 PROV61:0 "Dresden"
 PROV63:0 "Erfurt"
 PROV89:0 "Amiens"
 PROV91:0 "Mons"
 PROV147:0 "Larissa"
 PROV174:0 "Bordelais"
 PROV177:0 "Le Mans"
 PROV193:0 "Dôle"
 PROV211:0 "Huesca"
 PROV236:0 "Middlesex"
 PROV243:0 "Lincolnshire"
 PROV247:0 "Cumberland"
 PROV593:0 "Ligor"
 PROV603:0 "Thung Yai"
 PROV619:0 "Barus"
 PROV633:0 "Ende"
 PROV635:0 "Sonbai"
 PROV647:0 "Piru"
 PROV660:0 "Jinghong"
 PROV764:0 "Angra dos Reis"
 PROV784:0 "Cauquenes"
 PROV787:0 "Valparaíso"
 PROV1012:0 "Kagoshima"
 PROV1020:0 "Yamashiro"
 PROV1028:0 "Kawagoe"
 PROV1253:0 "Sea of Åland"
 PROV1391:0 "Lake Neuchâtel"
 PROV1747:0 "Cáceres"
 PROV1763:0 "Chósebuz"
 PROV1775:0 "Kiel"
 PROV1817:0 "Nanthaburi"
 PROV1844:0 "Xiangkhouang"
 PROV1954:0 "Pancevo"
 PROV1975:0 "Long Forties"
 PROV2166:0 "Ruili"
 PROV2371:0 "Muang La"
 PROV2372:0 "An Bang"
 PROV2375:0 "Jarai"
 PROV2378:0 "Sambok"
 PROV2380:0 "Krong Chaktomuk"
 PROV2381:0 "Kengcheng"
 PROV2383:0 "Khukhan"
 PROV2391:0 "Jungceylon"
 PROV2397:0 "Htamanthi"
 PROV2398:0 "Hsawnghsup"
 PROV2695:0 "Dili"
 PROV2704:0 "Rajang"
 PROV2705:0 "Sarawak"
 PROV2706:0 "Sukadana"
 PROV2708:0 "Kotawaringin"
 PROV2873:0 "Chauracavi"
 PROV2891:0 "São Romão"
 PROV2894:0 "Natércia"
 PROV2935:0 "Gurupá"
 PROV2976:0 "Perugia"
 PROV4153:0 "Luków"
 PROV4778:0 "Gerltz"
 PROV4169:0 "Meissen"
 PROV4178:0 "Jawor"
 PROV4181:0 "Kumamoto"
 PROV4182:0 "Kanzaki"
 PROV4187:0 "Wakayama"
 PROV4347:0 "Olesnicko"
 PROV4378:0 "Ciarraí"
 PROV4405:0 "Kasa"
 PROV4725:0 "Znojmo"
 PROV4726:0 "Valassko"
 PROV4732:0 "Alatri"
 PROV4734:0 "Benevento"
 PROV4746:0 "Pyritz"
 PROV4763:0 "Dolomites"
 PROV4765:0 "Colmar"
 PROV4771:0 "Stade"
 PROV4775:0 "Minden"
 
 PROV_ADJ147:0 "Larissan"
 PROV_ADJ593:0 "Ligorian"
 PROV_ADJ603:0 "Thung Yai"
 PROV_ADJ635:0 "Sonbai"
 PROV_ADJ660:0 "Banna"
 PROV_ADJ619:0 "Barusi"
 PROV_ADJ633:0 "Ende"
 PROV_ADJ647:0 "Piruan"
 PROV_ADJ1817:0 "Nantha"
 PROV_ADJ1844:0 "Xiangkhouanger"
 PROV_ADJ2166:0 "Mao"
 PROV_ADJ2371:0 "La"
 PROV_ADJ2372:0 "An Bang"
 PROV_ADJ2375:0 "Jarai"
 PROV_ADJ2378:0 "Sambok"
 PROV_ADJ2380:0 "Chaktomuk"
 PROV_ADJ2381:0 "Kengchenger"
 PROV_ADJ2383:0 "Khukhaner"
 PROV_ADJ2391:0 "Jungceylonese"
 PROV_ADJ2397:0 "Htamanthi"
 PROV_ADJ2398:0 "Hswanghsup"
 PROV_ADJ2695:0 "Dili"
 PROV_ADJ2704:0 "Rajang"
 PROV_ADJ2705:0 "Sarawak"
 PROV_ADJ2706:0 "Sukadanan"
 PROV_ADJ2708:0 "Kotawaringin"
 PROV_ADJ2976:0 "Perugian"
 PROV_ADJ4405:0 "Kasan"
 PROV_ADJ4726:0 "Prerov"
 PROV_ADJ4732:0 "Alatri"
 PROV_ADJ4734:0 "Benevento"
 PROV_ADJ4765:0 "Colmar"
 PROV_ADJ4771:0 "Stader"
 PROV_ADJ4775:0 "Minden"
 
 rascia_area:0 "Kosovo"
 bosnia_area:0 "Western Bosnia"
 albania_area:0 "Northern Albania"
 bourgogne_area:0 "Burgundy"
 bourgogne_area_name:0 "Burgundy"
 bourgogne_area_adj:0 "Burgundian"
 west_burgundy_area:0 "Southern Franche-Comté"
 west_burgundy_area_name:0 "Franche-Comté"
 castille_area:0 "Old Castile"
 iroquoisia_area:0 "Western Iroquoisia"
 champagne_area:0 "Northern Champagne"
 southern_transylvania_area:0 "Upper Transylvania"
 transylvania_area:0 "Inner Transylvania"
 transdanubia_area:0 "Central Hungary"
 alfold_area:0 "Northern Alföld"
 east_cuba_area:0 "South Cuba"
 languedoc_area:0 "West Languedoc"
 leinster_area:0 "West Leinster"
 leinster_area_name:0 "Leinster"
 leinster_area_adj:0 "Leinster"
 east_leinster_area:0 "East Leinster"
 east_leinster_area_name:0 "Leinster"
 east_leinster_area_adj:0 "Leinster"
 ulster_area:0 "West Ulster"
 ulster_area_name:0 "Ulster"
 ulster_area_adj:0 "Ulster"
 east_ulster_area:0 "East Ulster"
 east_ulster_area_name:0 "Ulster"
 east_ulster_area_adj:0 "Ulster"
 munster_area:0 "West Munster"
 munster_area_name:0 "Munster"
 munster_area_adj:0 "Munster"
 east_munster_area:0 "East Munster"
 east_munster_area_name:0 "Munster"
 east_munster_area_adj:0 "Munster"
 connacht_area:0 "West Connacht"
 connacht_area_name:0 "Connacht"
 connacht_area_adj:0 "Connacht"
 east_connacht_area:0 "East Connacht"
 east_connacht_area_name:0 "Connacht"
 east_connacht_area_adj:0 "Connacht"
 lower_swabia_area:0 "Lower Swabia"
 wallachia_area:0 "Western Muntenia"
 bulgaria_area:0 "Western Bulgaria"
 macedonia_area:0 "South Macedonia"
 greater_antilles_area:0 "Northern Antilles"
 southern_chile_area:0 "Chilean Patagonia"
 banda_oriental_area:0 "Uruguay"
 livonia_area:0 "South Livonia"
 amazon_area:0 "Upper Amazon"
 grao_para_area:0 "Mouth of the Amazon"
 grao_para_area_name:0 "Mouth of the Amazon"
 wallonia_area:0 "Hainaut"
 wallonia_area_name:0 "Hainaut"
 luxemburg_liege_area:0 "Liege & Limburg"
 luxemburg_liege_area_name:0 "Liege & Limburg"
 sindh_area:0 "Sindh"
 upper_rhineland_area:0 "Baden"
 upper_rhineland_area_name:0 "Baden"
 switzerland_area:0 "East Switzerland"
 moldavia_area:0 "Bessarabia"
 moldavia_area_name:0 "Bessarabia"
 tabuk_area:0 "Northern Hejaz"
 tabuk_area_name:0 "Northern Hejaz"
 tabuk_area_adj:0 "Hejazi"
 mecca_area:0 "Central Hejaz"
 mecca_area_name:0 "Central Hejaz"
 mecca_area_adj:0 "Hejazi"
 kanto_area:1 "North Kanto"
 kanto_area_name:0 "Kanto"
 kanto_area_adj:0 "Kanto"
 eastern_kanto_area:0 "South Kanto"
 eastern_kanto_area_name:0 "Hitachi"
 eastern_kanto_area_adj:0 "Hitachi"
 kinai_area:0 "North Kinai"
 kinai_area_name:0 "North Kinai"
 kinai_area_adj:0 "Kinai"
 saigoku_area:1 "West Sanyodo"
 saigoku_area_name:0 "West Sanyodo"
 saigoku_area_adj:0 "Sanyodoan"
 normandy_area:0 "Upper Normandy"
 normandy_area_name:0 "Normandy"
 normandy_area_adj:0 "Norman"
 brittany_area:0 "Upper Britanny"
 brittany_area_name:0 "Upper Brittany"
 henan_area:0 "Henan"
 henan_area_name:0 "Henan"
 henan_area_adj:0 "Henanese"
 hainan_area:0 "Hainan"
 hainan_area_name:0 "Hainan"
 hainan_area_adj:0 "Hainanese"
 tabarestan_area:0 "Gilan"
 tabarestan_area_name:0 "Gilan"
 tabarestan_area_adj:0 "Gilani"
 kyushu_area:1 "Satsuma Domain"
 kyushu_area_name:0 "Satsuma"
 kyushu_area_adj:0 "Kyushuan"
 mazandaran_area:0 "Mazandaran"
 mazandaran_area_name:0 "Mazandaran"
 mazandaran_area_adj:0 "Mazandarani"
 angola_namibia_area:0 "Angolan Coast"
 angola_namibia_area_name:0 "Angolan Coast"
 angola_namibia_area_adj:0 "Angolan Coast"
 central_africa_region:0 "Great Lakes"
 central_africa_region_name:0 "Great Lakes"
 central_africa_region_adj:0 "Great Lakes"
 philippines_region:0 "Philippines"
 philippines_region_name:0 "Philippines"
 philippines_region_adj:0 "Philippine"
 franconia_area:0 "Lower & Middle Franconia"
 lazio_area:0 "Lazio"
 central_italy_area:0 "Marche"
 tuscany_area:0 "North Tuscany"
 thohoku_area:0 "North Tohoku"
 thohoku_area_name:0 "North Tohoku"
 hokuriku_area:0 "West Hokuriku"
 hokuriku_area_name:0 "West Hokuriku"
 upper_andalucia_area:0 "Upper Guadalquivir"
 upper_andalucia_area_name:0 "Upper Guadalquivir"
 upper_andalucia_area_adj:0 "Andalusian"
 lower_andalucia_area:0 "Lower Guadalquivir"
 lower_andalucia_area_name:0 "Lower Guadalquivir"
 lower_andalucia_area_adj:0 "Andalusian"
 zhejiang_area:0 "North Zhejiang"
 zhejiang_area_name:0 "North Zhejiang"
 guangxi_area:0 "West Guangxi"
 guangxi_area_name:0 "West Guangxi"
 shaanxi_area:0 "South Shaanxi"
 shaanxi_area_name:0 "South Shaanxi"
 shandong_area:0 "North Shandong"
 shandong_area_name:0 "North Shandong"
 morea_area:0 "Southern Morea"
 thrace_area:0 "Western Thrace"
 crimea_area:0 "South Crimea"
 crimea_area_name:0 "South Crimea"
 guyenne_area:0 "Aquitaine"
 guyenne_area_name:0 "Aquitaine"
 guyenne_area_adj:0 "Aquitainan"
 wales_area:0 "North Wales"
 western_korea_area:0 "Gyeonggi"
 western_korea_area_name:0 "Gyeonggi"
 western_korea_area_adj:0 "Gyeonggi"
 eastern_korea_area:0 "Gangwon"
 eastern_korea_area_name:0 "Gangwon"
 eastern_korea_area_adj:0 "Gangwon"
 south_korea_area:0 "Jeolla"
 south_korea_area_name:0 "Jeolla"
 south_korea_area_adj:0 "Jeolla"
 left_chungcheong_area:0 "Chungcheong"
 left_chungcheong_area_name:0 "Chungcheong"
 left_chungcheong_area_adj:0 "Chungcheong"
 left_gyeongsang_area:0 "Gyeongsang"
 left_gyeongsang_area_name:0 "Gyeongsang"
 left_gyeongsang_area_adj:0 "Gyeongsang"
 left_hwanghae_area:0 "Hwanghae"
 left_hwanghae_area_name:0 "Hwanghae"
 left_hwanghae_area_adj:0 "Hwanghae"
 
 #Sea addon
 palawan_area:0 "Palawan"
 palawan_area_name:0 "Palawan"
 palawan_area_adj:0 "Palawan"
 central_highlands_area:0 "Degar Highlands"
 central_highlands_area_name:0 "Degar Highlands"
 central_highlands_area_adj:0 "Jarai"
 central_thai_area:0 "Ayutthaya"
 central_thai_area_name:0 "Ayutthaya"
 central_thai_area_adj:0 "Ayutthayan"
 northern_thai_area:0 "Lan Na"
 northern_thai_area_name:0 "Lan Na"
 northern_thai_area_adj:0 "Lan Na"
 north_laos_area:0 "Luang Prabang"
 north_laos_area_name:0 "Luang Prabang"
 north_laos_area_adj:0 "Luang Prabang"
 south_laos_area:0 "Vientiane"
 south_laos_area_name:0 "Vientiane"
 south_laos_area_adj:0 "Vientiane"
 lampang_area:0 "Lampang"
 lampang_area_name:0 "Lampang"
 lampang_area_adj:0 "Lampanger"
 muang_phuan_area:0 "Phuan"
 muang_phuan_area_name:0 "Phuan"
 muang_phuan_area_adj:0 "Phuan"
 angkor_area:0 "Angkor"
 angkor_area_name:0 "Angkor"
 angkor_area_adj:0 "Angkor"
 cao_bac_area:0 "Cao Bac"
 cao_bac_area_name:0 "Cao Bac"
 cao_bac_area_adj:0 "Cao Bac"
 red_river_delta_area:0 "Dong Kinh"
 red_river_delta_area_name:0 "Dong Kinh"
 red_river_delta_area_adj:0 "Dong Kinh"
 sipsongchautai_area:0 "Sipsongchautai"
 sipsongchautai_area_name:0 "Sipsongchautai"
 sipsongchautai_area_adj:0 "Tai"
 sukhothai_area:0 "Sukhothai"
 sukhothai_area_name:0 "Sukhothai"
 sukhothai_area_adj:0 "Sukhothai"
 tenasserim_area:0 "Ligor"
 tenasserim_area_name:0 "Ligor"
 tenasserim_area_adj:0 "Ligorian"
 kedah_area:0 "Kedah"
 kedah_area_name:0 "Kedah"
 kedah_area_adj:0 "Kedah"
 yawnghwe_area:0 "Myelat"
 yawnghwe_area_name:0 "Myelat"
 yawnghwe_area_adj:0 "Myelat"
 malaya_area:0 "Pahang"
 malaya_area_name:0 "Pahang"
 malaya_area_adj:0 "Pahangite"
 johor_area:0 "Johor"
 johor_area_name:0 "Johor"
 johor_area_adj:0 "Johori"
 south_sumatra_area:0 "Tulangbawang"
 south_sumatra_area_name:0 "Tulangbawang"
 south_sumatra_area_adj:0 "Tulangbawang"
 palembang_area:0 "Palembang"
 palembang_area_name:0 "Palembang"
 palembang_area_adj:0 "Palembang"
 kalimantan_area:0 "Banjarmasin"
 kalimantan_area_name:0 "Banjarmasin"
 kalimantan_area_adj:0 "Banjari"
 kotawaringin_area:0 "Kotawaringin"
 kotawaringin_area_name:0 "Kotawaringin"
 kotawaringin_area_adj:0 "Waringin"
 dayak_area:0 "Dayak"
 dayak_area_name:0 "Dayak"
 dayak_area_adj:0 "Dayak"
 east_java_area:0 "Bang Wetan"
 east_java_area_name:0 "Surabaya"
 east_java_area_adj:0 "Surabayan"
 central_java_area:0 "Demak"
 central_java_area_name:0 "Demak"
 central_java_area_adj:0 "Demak"
 west_java_area:0 "Banten"
 west_java_area_name:0 "Banten"
 west_java_area_adj:0 "Banten"
 cirebon_area:0 "Cirebon"
 cirebon_area_name:0 "Cirebon"
 cirebon_area_adj:0 "Cirebonese"
 sulawesi_area:0 "Minahasa"
 ceram_area:0 "Central Moluccas"
 molluca_area:0 "South Moluccas"
 champa_area:0 "Vijaya"
 champa_area_name:0 "Vijaya"
 champa_area_adj:0 "Vijaya"
 kengtung_area:0 "Kengtung"
 kengtung_area_name:0 "Kengtung"
 kengtung_area_adj:0 "Tungi"
 siam_region:0 "Siam"
 siam_region_name:0 "Siam"
 siam_region_adj:0 "Siamese"
 philippines_region:0 "Philippines"
 philippines_region_name:0 "Philippines"
 philippines_region_adj:0 "Filipino"
 
 #New NA from IR
 north_florida_area:0 "North Florida"
 florida_area:0 "South Florida"
 wiregrass_area:1 "Wiregrass"
 choctaw_area:1 "Choctaw"
 upper_chattahoochee_area:1 "Upper Chattahoochee"
 suncoast_area:1 "Suncoast"
 atlantic_florida_area:1 "Atlantic Florida"
 florida_panhandle_area:1 "Florida Panhandle"
 red_river_valley_area:1 "Red River Valley"
 northeast_louisiana_area:1 "Louisiana Delta"
 georgia_sea_islands_area:1 "Georgia Sea Islands"
 grand_strand_area:1 "Carolina Coast"
 brushies_area:1 "The Brushies"
 inner_banks_area:1 "Inner Banks"
 tar_neuse_area:1 "Tar-Neuse Basin"
 western_tennessee_area:1 "Western Tennessee"
 middle_tennessee_area:1 "Middle Tennessee"
 eastern_tennessee_area:1 "Eastern Tennessee"
 cumberland_plateau_area:1 "Cumberland Plateau"
 arkansas_plains_area:1 "Arkansas Plains"
 ouachitas_area:1 "Ouachita Mountains"
 lower_arkansas_river_area:1 "Arkansas River"
 piney_woods_area:1 "Piney Woods"
 big_thicket_area:1 "Big Thicket"
 cross_timbers_area:1 "Texas Plains"
 edwards_plateau_area:1 "Edwards Plateau"
 trans_pecos_area:1 "Trans-Pecos"
 rio_grande_sur_area:1 "Southern Rio Grande"
 delmarva_peninsula_area:1 "Delmarva Peninsula"
 virginia_tidewater_area:1 "Virginia Tidewater"
 minisink_area:1 "Minisink"
 long_island_area:1 "Long Island"
 westsylvania_area:1 "Westsylvania"
 narragansett_bay_area:1 "Narragansett Bay"
 coastal_prarie_area:1 "Coastal Texas"
 wiregrass_area_name:0 "Wiregrass"
 upper_chattahoochee_area_name:0 "Upper Chattahoochee"
 suncoast_area_name:0 "Suncoast"
 atlantic_florida_area_name:0 "Atlantic Florida"
 florida_panhandle_area_name:0 "Florida Panhandle"
 red_river_valley_area_name:0 "Red River Valley"
 northeast_louisiana_area_name:0 "Louisiana Delta"
 georgia_sea_islands_area_name:0 "Georgia Sea Islands"
 grand_strand_area_name:0 "Carolina"
 brushies_area_name:0 "The Brushies"
 inner_banks_area_name:0 "Inner Banks"
 western_tennessee_area_name:0 "Western Tennessee"
 middle_tennessee_area_name:0 "Middle Tennessee"
 eastern_tennessee_area_name:0 "Eastern Tennessee"
 cumberland_plateau_area_name:0 "Cumberland Plateau"
 arkansas_plains_area_name:0 "Arkansas Plains"
 ouachitas_area_name:0 "Ouachita Mountains"
 lower_arkansas_river_area_name:0 "Arkansas River"
 piney_woods_area_name:0 "Piney Woods"
 big_thicket_area_name:0 "Big Thicket"
 cross_timbers_area_name:0 "Texas Plains"
 edwards_plateau_area_name:0 "Edwards Plateau"
 trans_pecos_area_name:0 "Trans-Pecos"
 rio_grande_sur_area_name:0 "Southern Rio Grande"
 virginia_tidewater_area_name:0 "Virginia Tidewater"
 minisink_area_area_name:0 "Minisink"
 long_island_area_name:0 "Long Island"
 westsylvania_area_name:0 "Westsylvania"
 narragansett_bay_name:0 "Narragansett Bay"
 housatonic_river_name:0 "Housatonic Valley"
 adirondacks_name:0 "Adirondacks"
 wiregrass_area_adj:0 "Wiregrassian"
 upper_chattahoochee_area_adj:0 "Upper Chattahoochee"
 suncoast_area_adj:0 "Suncoastic"
 atlantic_florida_area_adj:0 "Atlantic Floridian"
 florida_panhandle_area_adj:0 "Florida Panhandler"
 red_river_valley_area_adj:0 "Red River Valleyan"
 northeast_louisiana_area_adj:0 "Louisiana Deltan"
 georgia_sea_islands_area_adj:0 "Georgia Sea Islander"
 grand_strand_area_adj:0 "Carolinean"
 south_carolina_area:0 "Midlands"
 brushies_area_adj:0 "Brushy"
 inner_banks_area_adj:0 "Inner Banksian"
 tar_neuse_area_adj:0 "Tar-Neuse Basinian"
 western_tennessee_area_adj:0 "Western Tennesseean"
 middle_tennessee_area_adj:0 "Middle Tennesseean"
 eastern_tennessee_area_adj:0 "Eastern Tennesseean"
 cumberland_plateau_area_adj:0 "Cumberland Plateauic"
 arkansas_plains_area_adj:0 "Arkansas Plainsian"
 ouachitas_area_adj:0 "Ouachita Mountaineer"
 lower_arkansas_river_area_adj:0 "Arkansas Riverian"
 piney_woods_area_adj:0 "Piney Woodsian"
 big_thicket_area_adj:0 "Big Thicketese"
 cross_timbers_area_adj:0 "Texas Plainsese"
 edwards_plateau_area_adj:0 "Edwards Plateauic"
 trans_pecos_area_adj:0 "Trans-Pecosian"
 rio_grande_sur_area_adj:0 "Southern Rio Grandian"
 virginia_tidewater_area_adj:0 "Virginia Tidewateran"
 minisink_area_area_adj:0 "Minisinkan"
 long_island_area_adj:0 "Long Islandic"
 westsylvania_area_adj:0 "Westsylvanian"
 narragansett_bay_adj:0 "Narragansett Bayer"
 housatonic_river_adj:0 "Housatonic Valleyian"
 adirondacks_adj:0 "Adirondacker"
 
 #Regions
 new_zealand_region:0 "Aotearoa"
 new_zealand_region_name:0 "Aotearoa"
 new_zealand_region_adj:0 "Aotearoa"
 caucasia_region:0 "Caucasus"
 caucasia_region_name:0 "Caucasus"
 caucasia_region_adj:0 "Caucasian"
 indonesia_region:0 "Borneo"
 indonesia_region_name:0 "Borneo"
 indonesia_region_adj:0 "Bornean"
 
 trade_company_oceania:0 "Pacific Charter"
 TRADE_COMPANY_OCEANIA_Pacific_Trade_Company:0 "Pacific Trade Company"
 TRADE_COMPANY_OCEANIA_Root_Culture_GetName:0 "[Root.Culture.GetName] Company of the Pacific"